date,supply,supply_change
2019-11-19,1827422.0,
2019-11-20,7446885.0,5619463.0
2019-11-21,9798854.0,2351969.0
2019-11-22,13541055.0,3742201.0
2019-11-23,15682080.0,2141025.0
2019-11-24,18165767.0,2483687.0
2019-11-25,18273066.0,107299.0
2019-11-26,20086232.0,1813166.0
2019-11-27,20293699.0,207467.0
2019-11-28,20341826.0,48127.0
2019-11-29,21845899.0,1504073.0
2019-11-30,22943597.0,1097698.0
2019-12-01,23613208.0,669611.0
2019-12-02,25862181.0,2248973.0
2019-12-03,42784377.0,16922196.0
2019-12-04,49049831.0,6265454.0
2019-12-05,49841970.0,792139.0
2019-12-06,51021507.0,1179537.0
2019-12-07,53645809.0,2624302.0
2019-12-08,54241123.0,595314.0
2019-12-09,56471664.0,2230541.0
2019-12-10,58127495.0,1655831.0
2019-12-11,58851472.0,723977.0
2019-12-12,60863245.0,2011773.0
2019-12-13,61349714.0,486469.0
2019-12-14,62080164.0,730450.0
2019-12-15,62563339.0,483175.0
2019-12-16,63003778.0,440439.0
2019-12-17,65599243.0,2595465.0
2019-12-18,64959742.0,-639501.0
2019-12-19,65556883.0,597141.0
2019-12-20,67957073.0,2400190.0
2019-12-21,68785662.0,828589.0
2019-12-22,69045359.0,259697.0
2019-12-23,69398112.0,352753.0
2019-12-24,69072165.0,-325947.0
2019-12-25,69188181.0,116016.0
2019-12-26,69352681.0,164500.0
2019-12-27,68928333.0,-424348.0
2019-12-28,69996894.0,1068561.0
2019-12-29,70295449.0,298555.0
2019-12-30,70770760.0,475311.0
2019-12-31,70767364.0,-3396.0
2020-01-01,71149777.0,382413.0
2020-01-02,72281645.0,1131868.0
2020-01-03,72614968.0,333323.0
2020-01-04,73383340.0,768372.0
2020-01-05,73547676.0,164336.0
2020-01-06,74106275.0,558599.0
2020-01-07,77855756.0,3749481.0
2020-01-08,80886456.0,3030700.0
2020-01-09,81729630.0,843174.0
2020-01-10,81784497.0,54867.0
2020-01-11,83329194.0,1544697.0
2020-01-12,83101741.0,-227453.0
2020-01-13,84458742.0,1357001.0
2020-01-14,85495814.0,1037072.0
2020-01-15,87284469.0,1788655.0
2020-01-16,87663675.0,379206.0
2020-01-17,89222339.0,1558664.0
2020-01-18,94452683.0,5230344.0
2020-01-19,95750977.0,1298294.0
2020-01-20,96638682.0,887705.0
2020-01-21,97204216.0,565534.0
2020-01-22,98675240.0,1471024.0
2020-01-23,99973323.0,1298083.0
2020-01-24,100642563.0,669240.0
2020-01-25,101217363.0,574800.0
2020-01-26,101589118.0,371755.0
2020-01-27,102572368.0,983250.0
2020-01-28,103533895.0,961527.0
2020-01-29,105889812.0,2355917.0
2020-01-30,105739484.0,-150328.0
2020-01-31,107294604.0,1555120.0
2020-02-01,107092085.0,-202519.0
2020-02-02,107414287.0,322202.0
2020-02-03,106714942.0,-699345.0
2020-02-04,107667360.0,952418.0
2020-02-05,110469099.0,2801739.0
2020-02-06,111404177.0,935078.0
2020-02-07,112357810.0,953633.0
2020-02-08,113742950.0,1385140.0
2020-02-09,113854708.0,111758.0
2020-02-10,115593622.0,1738914.0
2020-02-11,115780846.0,187224.0
2020-02-12,116713432.0,932586.0
2020-02-13,118237905.0,1524473.0
2020-02-14,121852078.0,3614173.0
2020-02-15,123258195.0,1406117.0
2020-02-16,124417279.0,1159084.0
2020-02-17,126511838.0,2094559.0
2020-02-18,125802105.0,-709733.0
2020-02-19,121601577.0,-4200528.0
2020-02-20,119484617.0,-2116960.0
2020-02-21,119994841.0,510224.0
2020-02-22,120669546.0,674705.0
2020-02-23,119999880.0,-669666.0
2020-02-24,121265667.0,1265787.0
2020-02-25,122221848.0,956181.0
2020-02-26,124333572.0,2111724.0
2020-02-27,122816784.0,-1516788.0
2020-02-28,122762632.0,-54152.0
2020-02-29,120359117.0,-2403515.0
2020-03-01,119609006.0,-750111.0
2020-03-02,118898199.0,-710807.0
2020-03-03,117598592.0,-1299607.0
2020-03-04,118062742.0,464150.0
2020-03-05,118091309.0,28567.0
2020-03-06,117956145.0,-135164.0
2020-03-07,121583103.0,3626958.0
2020-03-08,122124690.0,541587.0
2020-03-09,120900824.0,-1223866.0
2020-03-10,120616081.0,-284743.0
2020-03-11,119504803.0,-1111278.0
2020-03-12,120666966.0,1162163.0
2020-03-13,113644743.0,-7022223.0
2020-03-14,99870494.0,-13774249.0
2020-03-15,97374034.0,-2496460.0
2020-03-16,99441932.0,2067898.0
2020-03-17,94982374.0,-4459558.0
2020-03-18,92513458.0,-2468916.0
2020-03-19,95234502.0,2721044.0
2020-03-20,82433488.0,-12801014.0
2020-03-21,85363930.0,2930442.0
2020-03-22,84357672.0,-1006258.0
2020-03-23,83248500.0,-1109172.0
2020-03-24,83487153.0,238653.0
2020-03-25,84073256.0,586103.0
2020-03-26,83080450.0,-992806.0
2020-03-27,83803875.0,723425.0
2020-03-28,82564357.0,-1239518.0
2020-03-29,83783726.0,1219369.0
2020-03-30,83645144.0,-138582.0
2020-03-31,83014573.0,-630571.0
2020-04-01,84604916.0,1590343.0
2020-04-02,85377599.0,772683.0
2020-04-03,87174649.0,1797050.0
2020-04-04,87736192.0,561543.0
2020-04-05,87798252.0,62060.0
2020-04-06,87512093.0,-286159.0
2020-04-07,87837562.0,325469.0
2020-04-08,82750900.0,-5086662.0
2020-04-09,81205781.0,-1545119.0
2020-04-10,81806777.0,600996.0
2020-04-11,81417143.0,-389634.0
2020-04-12,82301197.0,884054.0
2020-04-13,81588952.0,-712245.0
2020-04-14,81930550.0,341598.0
2020-04-15,81971475.0,40925.0
2020-04-16,82443814.0,472339.0
2020-04-17,83107754.0,663940.0
2020-04-18,82938249.0,-169505.0
2020-04-19,85096331.0,2158082.0
2020-04-20,88395293.0,3298962.0
2020-04-21,89671209.0,1275916.0
2020-04-22,90443235.0,772026.0
2020-04-23,91076089.0,632854.0
2020-04-24,94361062.0,3284973.0
2020-04-25,96484374.0,2123312.0
2020-04-26,97159438.0,675064.0
2020-04-27,97931890.0,772452.0
2020-04-28,98193617.0,261727.0
2020-04-29,98373950.0,180333.0
2020-04-30,101018886.0,2644936.0
2020-05-01,101749293.0,730407.0
2020-05-02,100358351.0,-1390942.0
2020-05-03,108999256.0,8640905.0
2020-05-04,111837516.0,2838260.0
2020-05-05,111891118.0,53602.0
2020-05-06,112363390.0,472272.0
2020-05-07,112285016.0,-78374.0
2020-05-08,111873857.0,-411159.0
2020-05-09,111758621.0,-115236.0
2020-05-10,112704064.0,945443.0
2020-05-11,110301833.0,-2402231.0
2020-05-12,109685940.0,-615893.0
2020-05-13,109061154.0,-624786.0
2020-05-14,108482288.0,-578866.0
2020-05-15,109739788.0,1257500.0
2020-05-16,110287510.0,547722.0
2020-05-17,110976490.0,688980.0
2020-05-18,111791114.0,814624.0
2020-05-19,114476290.0,2685176.0
2020-05-20,114782483.0,306193.0
2020-05-21,120124927.0,5342444.0
2020-05-22,119229932.0,-894995.0
2020-05-23,124107292.0,4877360.0
2020-05-24,121333689.0,-2773603.0
2020-05-25,121216901.0,-116788.0
2020-05-26,121256917.0,40016.0
2020-05-27,120523011.0,-733906.0
2020-05-28,120650457.0,127446.0
2020-05-29,120836439.0,185982.0
2020-05-30,122347745.0,1511306.0
2020-05-31,126153596.0,3805851.0
2020-06-01,130156743.0,4003147.0
2020-06-02,126002370.0,-4154373.0
2020-06-03,121833234.0,-4169136.0
2020-06-04,132406317.0,10573083.0
2020-06-05,132259957.0,-146360.0
2020-06-06,132609400.0,349443.0
2020-06-07,132450127.0,-159273.0
2020-06-08,135549642.0,3099515.0
2020-06-09,135364072.0,-185570.0
2020-06-10,121327220.0,-14036852.0
2020-06-11,121599427.0,272207.0
2020-06-12,125923811.0,4324384.0
2020-06-13,123952238.0,-1971573.0
2020-06-14,123845060.0,-107178.0
2020-06-15,119829991.0,-4015069.0
2020-06-16,116341350.0,-3488641.0
2020-06-17,117505081.0,1163731.0
2020-06-18,119156354.0,1651273.0
2020-06-19,120463657.0,1307303.0
2020-06-20,125014843.0,4551186.0
2020-06-21,126475657.0,1460814.0
2020-06-22,125999318.0,-476339.0
2020-06-23,130842492.0,4843174.0
2020-06-24,128045259.0,-2797233.0
2020-06-25,129833260.0,1788001.0
2020-06-26,128732635.0,-1100625.0
2020-06-27,129428187.0,695552.0
2020-06-28,130070969.0,642782.0
2020-06-29,129354465.0,-716504.0
2020-06-30,129257128.0,-97337.0
2020-07-01,129588691.0,331563.0
2020-07-02,148046336.0,18457645.0
2020-07-03,149186035.0,1139699.0
2020-07-04,164978172.0,15792137.0
2020-07-05,170877175.0,5899003.0
2020-07-06,176652872.0,5775697.0
2020-07-07,182138141.0,5485269.0
2020-07-08,186937930.0,4799789.0
2020-07-09,189122931.0,2185001.0
2020-07-10,189777883.0,654952.0
2020-07-11,192464453.0,2686570.0
2020-07-12,201345310.0,8880857.0
2020-07-13,194491882.0,-6853428.0
2020-07-14,198857973.0,4366091.0
2020-07-15,199399810.0,541837.0
2020-07-16,200950739.0,1550929.0
2020-07-17,201961616.0,1010877.0
2020-07-18,210379201.0,8417585.0
2020-07-19,212167295.0,1788094.0
2020-07-20,221183786.0,9016491.0
2020-07-21,220578969.0,-604817.0
2020-07-22,222782669.0,2203700.0
2020-07-23,224399095.0,1616426.0
2020-07-24,260784026.0,36384931.0
2020-07-25,285136547.0,24352521.0
2020-07-26,254444725.0,-30691822.0
2020-07-27,276975318.0,22530593.0
2020-07-28,287337611.0,10362293.0
2020-07-29,301443470.0,14105859.0
2020-07-30,330149283.0,28705813.0
2020-07-31,347418058.0,17268775.0
2020-08-01,370563792.0,23145734.0
2020-08-02,368973994.0,-1589798.0
2020-08-03,369885940.0,911946.0
2020-08-04,385394038.0,15508098.0
2020-08-05,386659620.0,1265582.0
2020-08-06,389543206.0,2883586.0
2020-08-07,380719416.0,-8823790.0
2020-08-08,384611514.0,3892098.0
2020-08-09,383999249.0,-612265.0
2020-08-10,383463405.0,-535844.0
2020-08-11,424372186.0,40908781.0
2020-08-12,428380630.0,4008444.0
2020-08-13,425553141.0,-2827489.0
2020-08-14,435923683.0,10370542.0
2020-08-15,415657267.0,-20266416.0
2020-08-16,415930725.0,273458.0
2020-08-17,423689537.0,7758812.0
2020-08-18,429635612.0,5946075.0
2020-08-19,428248084.0,-1387528.0
2020-08-20,422939403.0,-5308681.0
2020-08-21,433406175.0,10466772.0
2020-08-22,435985038.0,2578863.0
2020-08-23,443541608.0,7556570.0
2020-08-24,445425129.0,1883521.0
2020-08-25,449461906.0,4036777.0
2020-08-26,450681552.0,1219646.0
2020-08-27,453067358.0,2385806.0
2020-08-28,450446823.0,-2620535.0
2020-08-29,449994717.0,-452106.0
2020-08-30,442729019.0,-7265698.0
2020-08-31,448769575.0,6040556.0
2020-09-01,445706300.0,-3063275.0
2020-09-02,468313158.0,22606858.0
2020-09-03,493459666.0,25146508.0
2020-09-04,520082677.0,26623011.0
2020-09-05,467054805.0,-53027872.0
2020-09-06,442472479.0,-24582326.0
2020-09-07,432144170.0,-10328309.0
2020-09-08,438965908.0,6821738.0
2020-09-09,440052030.0,1086122.0
2020-09-10,438478453.0,-1573577.0
2020-09-11,462422579.0,23944126.0
2020-09-12,467274663.0,4852084.0
2020-09-13,473702955.0,6428292.0
2020-09-14,473768021.0,65066.0
2020-09-15,542737180.0,68969159.0
2020-09-16,614117909.0,71380729.0
2020-09-17,576012225.0,-38105684.0
2020-09-18,638473703.0,62461478.0
2020-09-19,696586953.0,58113250.0
2020-09-20,786231125.0,89644172.0
2020-09-21,807885340.0,21654215.0
2020-09-22,835983752.0,28098412.0
2020-09-23,850969076.0,14985324.0
2020-09-24,895329363.0,44360287.0
2020-09-25,905894982.0,10565619.0
2020-09-26,904955087.0,-939895.0
2020-09-27,926941252.0,21986165.0
2020-09-28,926075192.0,-866060.0
2020-09-29,912251123.0,-13824069.0
2020-09-30,912393640.0,142517.0
2020-10-01,905012707.0,-7380933.0
2020-10-02,879787761.0,-25224946.0
2020-10-03,879406014.0,-381747.0
2020-10-04,873047487.0,-6358527.0
2020-10-05,870811583.0,-2235904.0
2020-10-06,868989851.0,-1821732.0
2020-10-07,879910778.0,10920927.0
2020-10-08,874601045.0,-5309733.0
2020-10-09,877710216.0,3109171.0
2020-10-10,895570110.0,17859894.0
2020-10-11,902553745.0,6983635.0
2020-10-12,916255255.0,13701510.0
2020-10-13,918663868.0,2408613.0
2020-10-14,939968264.0,21304396.0
2020-10-15,919880371.0,-20087893.0
2020-10-16,916510954.0,-3369417.0
2020-10-17,914504042.0,-2006912.0
2020-10-18,911111878.0,-3392164.0
2020-10-19,912591980.0,1480102.0
2020-10-20,908877157.0,-3714823.0
2020-10-21,915037891.0,6160734.0
2020-10-22,925408778.0,10370887.0
2020-10-23,920335887.0,-5072891.0
2020-10-24,944023837.0,23687950.0
2020-10-25,940605460.0,-3418377.0
2020-10-26,941736520.0,1131060.0
2020-10-27,936683109.0,-5053411.0
2020-10-28,951070598.0,14387489.0
2020-10-29,949416509.0,-1654089.0
2020-10-30,944896121.0,-4520388.0
2020-10-31,933332297.0,-11563824.0
2020-11-01,934987784.0,1655487.0
2020-11-02,945481140.0,10493356.0
2020-11-03,954232998.0,8751858.0
2020-11-04,960429815.0,6196817.0
2020-11-05,950721834.0,-9707981.0
2020-11-06,954813316.0,4091482.0
2020-11-07,960717585.0,5904269.0
2020-11-08,961963364.0,1245779.0
2020-11-09,960402760.0,-1560604.0
2020-11-10,965004127.0,4601367.0
2020-11-11,971958282.0,6954155.0
2020-11-12,1000763129.0,28804847.0
2020-11-13,997895359.0,-2867770.0
2020-11-14,1004871785.0,6976426.0
2020-11-15,1008866537.0,3994752.0
2020-11-16,1017953549.0,9087012.0
2020-11-17,1016148605.0,-1804944.0
2020-11-18,1016200633.0,52028.0
2020-11-19,1003569677.0,-12630956.0
2020-11-20,994993027.0,-8576650.0
2020-11-21,1003964085.0,8971058.0
2020-11-22,1021430147.0,17466062.0
2020-11-23,1019106432.0,-2323715.0
2020-11-24,1021978287.0,2871855.0
2020-11-25,1040327444.0,18349157.0
2020-11-26,1046944869.0,6617425.0
2020-11-27,1018550644.0,-28394225.0
2020-11-28,1018400752.0,-149892.0
2020-11-29,1018766804.0,366052.0
2020-11-30,1032744526.0,13977722.0
2020-12-01,1053153622.0,20409096.0
2020-12-02,1060561105.0,7407483.0
2020-12-03,1075054852.0,14493747.0
2020-12-04,1082410957.0,7356105.0
2020-12-05,1069432514.0,-12978443.0
2020-12-06,1072362248.0,2929734.0
2020-12-07,1080081107.0,7718859.0
2020-12-08,1075282317.0,-4798790.0
2020-12-09,1070751653.0,-4530664.0
2020-12-10,1085108811.0,14357158.0
2020-12-11,1084066686.0,-1042125.0
2020-12-12,1067245734.0,-16820952.0
2020-12-13,1096918108.0,29672374.0
2020-12-14,1096278224.0,-639884.0
2020-12-15,1097264907.0,986683.0
2020-12-16,1099420117.0,2155210.0
2020-12-17,1116445402.0,17025285.0
2020-12-18,1126334598.0,9889196.0
2020-12-19,1125881485.0,-453113.0
2020-12-20,1136671407.0,10789922.0
2020-12-21,1126025514.0,-10645893.0
2020-12-22,1127354335.0,1328821.0
2020-12-23,1124828786.0,-2525549.0
2020-12-24,1122542253.0,-2286533.0
2020-12-25,1118199010.0,-4343243.0
2020-12-26,1119210792.0,1011782.0
2020-12-27,1129131575.0,9920783.0
2020-12-28,1108801925.0,-20329650.0
2020-12-29,1133629308.0,24827383.0
2020-12-30,1139324984.0,5695676.0
2020-12-31,1157751638.0,18426654.0
2021-01-01,1168798537.0,11046899.0
2021-01-02,1206386946.0,37588409.0
2021-01-03,1184381402.0,-22005544.0
2021-01-04,1237248731.0,52867329.0
2021-01-05,1313564234.0,76315503.0
2021-01-06,1320464128.0,6899894.0
2021-01-07,1313903814.0,-6560314.0
2021-01-08,1363763940.0,49860126.0
2021-01-09,1391136962.0,27373022.0
2021-01-10,1414793450.0,23656488.0
2021-01-11,1430017174.0,15223724.0
2021-01-12,1373642116.0,-56375058.0
2021-01-13,1368345717.0,-5296399.0
2021-01-14,1368857292.0,511575.0
2021-01-15,1408197772.0,39340480.0
2021-01-16,1291623497.0,-116574275.0
2021-01-17,1369636167.0,78012670.0
2021-01-18,1383583488.0,13947321.0
2021-01-19,1404435449.0,20851961.0
2021-01-20,1403869964.0,-565485.0
2021-01-21,1408636839.0,4766875.0
2021-01-22,1412074525.0,3437686.0
2021-01-23,1443167176.0,31092651.0
2021-01-24,1462161634.0,18994458.0
2021-01-25,1532763463.0,70601829.0
2021-01-26,1575230489.0,42467026.0
2021-01-27,1594043516.0,18813027.0
2021-01-28,1605464380.0,11420864.0
2021-01-29,1617008898.0,11544518.0
2021-01-30,1626810493.0,9801595.0
2021-01-31,1647927266.0,21116773.0
2021-02-01,1645893458.0,-2033808.0
2021-02-02,1655223136.0,9329678.0
2021-02-03,1706483387.0,51260251.0
2021-02-04,1735622927.0,29139540.0
2021-02-05,1769120897.0,33497970.0
2021-02-06,1818259930.0,49139033.0
2021-02-07,1826607595.0,8347665.0
2021-02-08,1801487094.0,-25120501.0
2021-02-09,1891195984.0,89708890.0
2021-02-10,1951419253.0,60223269.0
2021-02-11,1965541573.0,14122320.0
2021-02-12,2030169942.0,64628369.0
2021-02-13,2047789093.0,17619151.0
2021-02-14,2070809898.0,23020805.0
2021-02-15,2069338903.0,-1470995.0
2021-02-16,2118562316.0,49223413.0
2021-02-17,2196279672.0,77717356.0
2021-02-18,2254469387.0,58189715.0
2021-02-19,2300764014.0,46294627.0
2021-02-20,2323494929.0,22730915.0
2021-02-21,2357690696.0,34195767.0
2021-02-22,2384083962.0,26393266.0
2021-02-23,2368499490.0,-15584472.0
2021-02-24,2303952211.0,-64547279.0
2021-02-25,2324728000.0,20775789.0
2021-02-26,2334553910.0,9825910.0
2021-02-27,2314997565.0,-19556345.0
2021-02-28,2322934280.0,7936715.0
2021-03-01,2355458417.0,32524137.0
2021-03-02,2462539959.0,107081542.0
2021-03-03,2526670520.0,64130561.0
2021-03-04,2529513594.0,2843074.0
2021-03-05,2560638680.0,31125086.0
2021-03-06,2550377194.0,-10261486.0
2021-03-07,2582625204.0,32248010.0
2021-03-08,2551483990.0,-31141214.0
2021-03-09,2571575541.0,20091551.0
2021-03-10,2634061160.0,62485619.0
2021-03-11,2626611377.0,-7449783.0
2021-03-12,2664592770.0,37981393.0
2021-03-13,2717830655.0,53237885.0
2021-03-14,2746532427.0,28701772.0
2021-03-15,2760920084.0,14387657.0
2021-03-16,2777224739.0,16304655.0
2021-03-17,2806863352.0,29638613.0
2021-03-18,2855121286.0,48257934.0
2021-03-19,2873992089.0,18870803.0
2021-03-20,2871152682.0,-2839407.0
2021-03-21,2872010683.0,858001.0
2021-03-22,2893058265.0,21047582.0
2021-03-23,2920382550.0,27324285.0
2021-03-24,2916556410.0,-3826140.0
2021-03-25,2915360929.0,-1195481.0
2021-03-26,2922014258.0,6653329.0
2021-03-27,2959347421.0,37333163.0
2021-03-28,2976048952.0,16701531.0
2021-03-29,2993764422.0,17715470.0
2021-03-30,2987650645.0,-6113777.0
2021-03-31,3014474386.0,26823741.0
2021-04-01,3011705402.0,-2768984.0
2021-04-02,2962556910.0,-49148492.0
2021-04-03,3034608561.0,72051651.0
2021-04-04,3060622618.0,26014057.0
2021-04-05,3063684864.0,3062246.0
2021-04-06,3050018661.0,-13666203.0
2021-04-07,3063203544.0,13184883.0
2021-04-08,3053418874.0,-9784670.0
2021-04-09,3042130829.0,-11288045.0
2021-04-10,3046156927.0,4026098.0
2021-04-11,3113531052.0,67374125.0
2021-04-12,3144341190.0,30810138.0
2021-04-13,3129418363.0,-14922827.0
2021-04-14,3168233746.0,38815383.0
2021-04-15,3147936581.0,-20297165.0
2021-04-16,3197460209.0,49523628.0
2021-04-17,3322633591.0,125173382.0
2021-04-18,3438662610.0,116029019.0
2021-04-19,3438712732.0,50122.0
2021-04-20,3426128927.0,-12583805.0
2021-04-21,3441227995.0,15099068.0
2021-04-22,3434759752.0,-6468243.0
2021-04-23,3453534580.0,18774828.0
2021-04-24,3431371782.0,-22162798.0
2021-04-25,3444318494.0,12946712.0
2021-04-26,3466755750.0,22437256.0
2021-04-27,3484884717.0,18128967.0
2021-04-28,3551580225.0,66695508.0
2021-04-29,3570467056.0,18886831.0
2021-04-30,3669075252.0,98608196.0
2021-05-01,3657625960.0,-11449292.0
2021-05-02,3730505348.0,72879388.0
2021-05-03,3781646319.0,51140971.0
2021-05-04,3894578566.0,112932247.0
2021-05-05,3966445920.0,71867354.0
2021-05-06,4094761049.0,128315129.0
2021-05-07,4290581874.0,195820825.0
2021-05-08,4370206604.0,79624730.0
2021-05-09,4408086615.0,37880011.0
2021-05-10,4499430226.0,91343611.0
2021-05-11,4595900937.0,96470711.0
2021-05-12,4591918690.0,-3982247.0
2021-05-13,4639035871.0,47117181.0
2021-05-14,4505297648.0,-133738223.0
2021-05-15,4597620286.0,92322638.0
2021-05-16,4620179233.0,22558947.0
2021-05-17,4686832890.0,66653657.0
2021-05-18,4729591696.0,42758806.0
2021-05-19,4788633355.0,59041659.0
2021-05-20,4376926442.0,-411706913.0
2021-05-21,4251440222.0,-125486220.0
2021-05-22,4243099943.0,-8340279.0
2021-05-23,4234575003.0,-8524940.0
2021-05-24,4050740821.0,-183834182.0
2021-05-25,4214647418.0,163906597.0
2021-05-26,4267899673.0,53252255.0
2021-05-27,4373029466.0,105129793.0
2021-05-28,4392591425.0,19561959.0
2021-05-29,4436860849.0,44269424.0
2021-05-30,4495174823.0,58313974.0
2021-05-31,4433116486.0,-62058337.0
2021-06-01,4440488145.0,7371659.0
2021-06-02,4415086387.0,-25401758.0
2021-06-03,4418979016.0,3892629.0
2021-06-04,4500086693.0,81107677.0
2021-06-05,4546525577.0,46438884.0
2021-06-06,4556323041.0,9797464.0
2021-06-07,4583005061.0,26682020.0
2021-06-08,4654351281.0,71346220.0
2021-06-09,4658695716.0,4344435.0
2021-06-10,4878864603.0,220168887.0
2021-06-11,4880508756.0,1644153.0
2021-06-12,4994166239.0,113657483.0
2021-06-13,4977173326.0,-16992913.0
2021-06-14,4994736662.0,17563336.0
2021-06-15,5026214220.0,31477558.0
2021-06-16,5126674470.0,100460250.0
2021-06-17,5103813207.0,-22861263.0
2021-06-18,4988287531.0,-115525676.0
2021-06-19,5021340302.0,33052771.0
2021-06-20,5035611925.0,14271623.0
2021-06-21,4977973655.0,-57638270.0
2021-06-22,4846303262.0,-131670393.0
2021-06-23,4837537938.0,-8765324.0
2021-06-24,4903482771.0,65944833.0
2021-06-25,4926705724.0,23222953.0
2021-06-26,4889650672.0,-37055052.0
2021-06-27,4921970208.0,32319536.0
2021-06-28,4949183243.0,27213035.0
2021-06-29,4956971358.0,7788115.0
2021-06-30,4960778698.0,3807340.0
2021-07-01,5133348167.0,172569469.0
2021-07-02,5172827580.0,39479413.0
2021-07-03,5187937686.0,15110106.0
2021-07-04,5186793415.0,-1144271.0
2021-07-05,5194203911.0,7410496.0
2021-07-06,5237592994.0,43389083.0
2021-07-07,5244019819.0,6426825.0
2021-07-08,5245352389.0,1332570.0
2021-07-09,5244490231.0,-862158.0
2021-07-10,5280511885.0,36021654.0
2021-07-11,5252773086.0,-27738799.0
2021-07-12,5292043802.0,39270716.0
2021-07-13,5268703049.0,-23340753.0
2021-07-14,5236051378.0,-32651671.0
2021-07-15,5255190577.0,19139199.0
2021-07-16,5252267710.0,-2922867.0
2021-07-17,5247059208.0,-5208502.0
2021-07-18,5260831397.0,13772189.0
2021-07-19,5293158021.0,32326624.0
2021-07-20,5228696177.0,-64461844.0
2021-07-21,5215277330.0,-13418847.0
2021-07-22,5246019482.0,30742152.0
2021-07-23,5256955436.0,10935954.0
2021-07-24,5273803015.0,16847579.0
2021-07-25,5289285270.0,15482255.0
2021-07-26,5296633445.0,7348175.0
2021-07-27,5307442592.0,10809147.0
2021-07-28,5341667854.0,34225262.0
2021-07-29,5367203898.0,25536044.0
2021-07-30,5379942745.0,12738847.0
2021-07-31,5391646533.0,11703788.0
2021-08-01,5394112979.0,2466446.0
2021-08-02,5409630448.0,15517469.0
2021-08-03,5434599924.0,24969476.0
2021-08-04,5448817222.0,14217298.0
2021-08-05,5414461051.0,-34356171.0
2021-08-06,5461101360.0,46640309.0
2021-08-07,5461811006.0,709646.0
2021-08-08,5498000382.0,36189376.0
2021-08-09,5555842673.0,57842291.0
2021-08-10,5532087205.0,-23755468.0
2021-08-11,5575469233.0,43382028.0
2021-08-12,5600687714.0,25218481.0
2021-08-13,5632021893.0,31334179.0
2021-08-14,5676819812.0,44797919.0
2021-08-15,5688684862.0,11865050.0
2021-08-16,5741630077.0,52945215.0
2021-08-17,5736557951.0,-5072126.0
2021-08-18,5722002699.0,-14555252.0
2021-08-19,5735960696.0,13957997.0
2021-08-20,5742013248.0,6052552.0
2021-08-21,5751803888.0,9790640.0
2021-08-22,5771563780.0,19759892.0
2021-08-23,5800139321.0,28575541.0
2021-08-24,5787999784.0,-12139537.0
2021-08-25,5787349455.0,-650329.0
2021-08-26,5773271142.0,-14078313.0
2021-08-27,5778564255.0,5293113.0
2021-08-28,5825544831.0,46980576.0
2021-08-29,5822652586.0,-2892245.0
2021-08-30,5850913957.0,28261371.0
2021-08-31,5842080102.0,-8833855.0
2021-09-01,5860043256.0,17963154.0
2021-09-02,5873154201.0,13110945.0
2021-09-03,6060471958.0,187317757.0
2021-09-04,6100944794.0,40472836.0
2021-09-05,6112981422.0,12036628.0
2021-09-06,6147447306.0,34465884.0
2021-09-07,6187976964.0,40529658.0
2021-09-08,6216941541.0,28964577.0
2021-09-09,6231557363.0,14615822.0
2021-09-10,6232966612.0,1409249.0
2021-09-11,6155063054.0,-77903558.0
2021-09-12,6283492128.0,128429074.0
2021-09-13,6305049658.0,21557530.0
2021-09-14,6305138406.0,88748.0
2021-09-15,6286029153.0,-19109253.0
2021-09-16,6286593817.0,564664.0
2021-09-17,6311184288.0,24590471.0
2021-09-18,6337331911.0,26147623.0
2021-09-19,6330278299.0,-7053612.0
2021-09-20,6341811746.0,11533447.0
2021-09-21,6087222920.0,-254588826.0
2021-09-22,6059754074.0,-27468846.0
2021-09-23,6025413163.0,-34340911.0
2021-09-24,6094469528.0,69056365.0
2021-09-25,6046166700.0,-48302828.0
2021-09-26,6064950516.0,18783816.0
2021-09-27,6079024252.0,14073736.0
2021-09-28,6175531614.0,96507362.0
2021-09-29,6183354056.0,7822442.0
2021-09-30,6191474519.0,8120463.0
2021-10-01,6199628073.0,8153554.0
2021-10-02,6219165305.0,19537232.0
2021-10-03,6219234789.0,69484.0
2021-10-04,6272842279.0,53607490.0
2021-10-05,6290092663.0,17250384.0
2021-10-06,6313909658.0,23816995.0
2021-10-07,6414373278.0,100463620.0
2021-10-08,6446972671.0,32599393.0
2021-10-09,6493206763.0,46234092.0
2021-10-10,6537843670.0,44636907.0
2021-10-11,6543645498.0,5801828.0
2021-10-12,6554714018.0,11068520.0
2021-10-13,6607836165.0,53122147.0
2021-10-14,6638638659.0,30802494.0
2021-10-15,6770612810.0,131974151.0
2021-10-16,6991089765.0,220476955.0
2021-10-17,7027588273.0,36498508.0
2021-10-18,7011447930.0,-16140343.0
2021-10-19,7041692492.0,30244562.0
2021-10-20,6965713282.0,-75979210.0
2021-10-21,7151735467.0,186022185.0
2021-10-22,7375492356.0,223756889.0
2021-10-23,7391874597.0,16382241.0
2021-10-24,7387816411.0,-4058186.0
2021-10-25,7338068313.0,-49748098.0
2021-10-26,7323409804.0,-14658509.0
2021-10-27,7339328683.0,15918879.0
2021-10-28,7610685581.0,271356898.0
2021-10-29,7629526521.0,18840940.0
2021-10-30,7689082797.0,59556276.0
2021-10-31,7793719922.0,104637125.0
2021-11-01,7793187615.0,-532307.0
2021-11-02,7820062202.0,26874587.0
2021-11-03,7823829841.0,3767639.0
2021-11-04,7840534376.0,16704535.0
2021-11-05,7807209872.0,-33324504.0
2021-11-06,8156496509.0,349286637.0
2021-11-07,8143534836.0,-12961673.0
2021-11-08,8124723409.0,-18811427.0
2021-11-09,8392735006.0,268011597.0
2021-11-10,8632800903.0,240065897.0
2021-11-11,8581317425.0,-51483478.0
2021-11-12,8555343741.0,-25973684.0
2021-11-13,8585602579.0,30258838.0
2021-11-14,8532605901.0,-52996678.0
2021-11-15,8493965627.0,-38640274.0
2021-11-16,8489573144.0,-4392483.0
2021-11-17,8487969868.0,-1603276.0
2021-11-18,8491301228.0,3331360.0
2021-11-19,8523835052.0,32533824.0
2021-11-20,8634278626.0,110443574.0
2021-11-21,8675599843.0,41321217.0
2021-11-22,8700649963.0,25050120.0
2021-11-23,8633559608.0,-67090355.0
2021-11-24,8727121905.0,93562297.0
2021-11-25,8741336711.0,14214806.0
2021-11-26,8789657927.0,48321216.0
2021-11-27,8664662320.0,-124995607.0
2021-11-28,8672228095.0,7565775.0
2021-11-29,8718189473.0,45961378.0
2021-11-30,8746282291.0,28092818.0
2021-12-01,8837878911.0,91596620.0
2021-12-02,8900977777.0,63098866.0
2021-12-03,8895692505.0,-5285272.0
2021-12-04,8918506252.0,22813747.0
2021-12-05,8920116848.0,1610596.0
2021-12-06,8997943463.0,77826615.0
2021-12-07,8929086141.0,-68857322.0
2021-12-08,8950982367.0,21896226.0
2021-12-09,8963985218.0,13002851.0
2021-12-10,8940055730.0,-23929488.0
2021-12-11,8864707831.0,-75347899.0
2021-12-12,8921006869.0,56299038.0
2021-12-13,8916776226.0,-4230643.0
2021-12-14,8860039127.0,-56737099.0
2021-12-15,8815157626.0,-44881501.0
2021-12-16,8864564743.0,49407117.0
2021-12-17,8878141572.0,13576829.0
2021-12-18,8916391856.0,38250284.0
2021-12-19,8941451883.0,25060027.0
2021-12-20,8917952303.0,-23499580.0
2021-12-21,9010659458.0,92707155.0
2021-12-22,8985537935.0,-25121523.0
2021-12-23,9012299617.0,26761682.0
2021-12-24,9004077004.0,-8222613.0
2021-12-25,9007732009.0,3655005.0
2021-12-26,9026946021.0,19214012.0
2021-12-27,9056479534.0,29533513.0
2021-12-28,9035134799.0,-21344735.0
2021-12-29,9011245517.0,-23889282.0
2021-12-30,8928300276.0,-82945241.0
2021-12-31,8940196525.0,11896249.0
2022-01-01,8945308696.0,5112171.0
2022-01-02,8989422829.0,44114133.0
2022-01-03,9019830071.0,30407242.0
2022-01-04,9061763816.0,41933745.0
2022-01-05,9094380378.0,32616562.0
2022-01-06,9057614529.0,-36765849.0
2022-01-07,8981217752.0,-76396777.0
2022-01-08,9009918264.0,28700512.0
2022-01-09,9001314636.0,-8603628.0
2022-01-10,8930766653.0,-70547983.0
2022-01-11,9010550582.0,79783929.0
2022-01-12,9023033118.0,12482536.0
2022-01-13,9081693565.0,58660447.0
2022-01-14,9137354809.0,55661244.0
2022-01-15,9125697060.0,-11657749.0
2022-01-16,9170351303.0,44654243.0
2022-01-17,9256014687.0,85663384.0
2022-01-18,9334794093.0,78779406.0
2022-01-19,9331745107.0,-3048986.0
2022-01-20,9390488156.0,58743049.0
2022-01-21,9402774438.0,12286282.0
2022-01-22,9166564461.0,-236209977.0
2022-01-23,9115890348.0,-50674113.0
2022-01-24,9146456179.0,30565831.0
2022-01-25,9293941652.0,147485473.0
2022-01-26,9245225217.0,-48716435.0
2022-01-27,9359921919.0,114696702.0
2022-01-28,9167298522.0,-192623397.0
2022-01-29,9078096308.0,-89202214.0
2022-01-30,9135717349.0,57621041.0
2022-01-31,9137932290.0,2214941.0
2022-02-01,9156440883.0,18508593.0
2022-02-02,9194270272.0,37829389.0
2022-02-03,9170666264.0,-23604008.0
2022-02-04,9203253257.0,32586993.0
2022-02-05,9228979411.0,25726154.0
2022-02-06,9322792991.0,93813580.0
2022-02-07,9360562441.0,37769450.0
2022-02-08,9471465595.0,110903154.0
2022-02-09,9667216568.0,195750973.0
2022-02-10,9749936627.0,82720059.0
2022-02-11,9795528748.0,45592121.0
2022-02-12,9837232184.0,41703436.0
2022-02-13,9819806817.0,-17425367.0
2022-02-14,9828935789.0,9128972.0
2022-02-15,9810525653.0,-18410136.0
2022-02-16,9951881495.0,141355842.0
2022-02-17,9886213899.0,-65667596.0
2022-02-18,9781207527.0,-105006372.0
2022-02-19,9763416968.0,-17790559.0
2022-02-20,9788916601.0,25499633.0
2022-02-21,9759400435.0,-29516166.0
2022-02-22,9707633715.0,-51766720.0
2022-02-23,9713767549.0,6133834.0
2022-02-24,9652416597.0,-61350952.0
2022-02-25,9386007628.0,-266408969.0
2022-02-26,9204072015.0,-181935613.0
2022-02-27,9230718584.0,26646569.0
2022-02-28,9245129542.0,14410958.0
2022-03-01,9240847000.0,-4282542.0
2022-03-02,9268815900.0,27968900.0
2022-03-03,9187456231.0,-81359669.0
2022-03-04,9206698696.0,19242465.0
2022-03-05,9298628581.0,91929885.0
2022-03-06,9284513192.0,-14115389.0
2022-03-07,9402892151.0,118378959.0
2022-03-08,9433634871.0,30742720.0
2022-03-09,9334460386.0,-99174485.0
2022-03-10,9373881818.0,39421432.0
2022-03-11,9369086408.0,-4795410.0
2022-03-12,9398111117.0,29024709.0
2022-03-13,9413440797.0,15329680.0
2022-03-14,9409151264.0,-4289533.0
2022-03-15,9382848887.0,-26302377.0
2022-03-16,9353951902.0,-28896985.0
2022-03-17,9383100792.0,29148890.0
2022-03-18,9406338555.0,23237763.0
2022-03-19,9461621868.0,55283313.0
2022-03-20,9472781176.0,11159308.0
2022-03-21,9534911277.0,62130101.0
2022-03-22,9530425395.0,-4485882.0
2022-03-23,9498141885.0,-32283510.0
2022-03-24,9452120845.0,-46021040.0
2022-03-25,9294100934.0,-158019911.0
2022-03-26,9268770917.0,-25330017.0
2022-03-27,9239010996.0,-29759921.0
2022-03-28,9230632118.0,-8378878.0
2022-03-29,9208106656.0,-22525462.0
2022-03-30,9189969454.0,-18137202.0
2022-03-31,9225282191.0,35312737.0
2022-04-01,9191746163.0,-33536028.0
2022-04-02,9209258512.0,17512349.0
2022-04-03,9101860571.0,-107397941.0
2022-04-04,9076756446.0,-25104125.0
2022-04-05,9082336345.0,5579899.0
2022-04-06,9051936140.0,-30400205.0
2022-04-07,8979891572.0,-72044568.0
2022-04-08,8969539323.0,-10352249.0
2022-04-09,9039566073.0,70026750.0
2022-04-10,9025592102.0,-13973971.0
2022-04-11,9039197449.0,13605347.0
2022-04-12,8810968202.0,-228229247.0
2022-04-13,8765593297.0,-45374905.0
2022-04-14,8733041613.0,-32551684.0
2022-04-15,8808394402.0,75352789.0
2022-04-16,8791379410.0,-17014992.0
2022-04-17,8786525084.0,-4854326.0
2022-04-18,8759156980.0,-27368104.0
2022-04-19,8725686562.0,-33470418.0
2022-04-20,8698346734.0,-27339828.0
2022-04-21,8723783877.0,25437143.0
2022-04-22,8704557539.0,-19226338.0
2022-04-23,8701913872.0,-2643667.0
2022-04-24,8708868168.0,6954296.0
2022-04-25,8716363162.0,7494994.0
2022-04-26,8665353293.0,-51009869.0
2022-04-27,8644835270.0,-20518023.0
2022-04-28,8599444691.0,-45390579.0
2022-04-29,8572125680.0,-27319011.0
2022-04-30,8511787091.0,-60338589.0
2022-05-01,8459041180.0,-52745911.0
2022-05-02,8430918903.0,-28122277.0
2022-05-03,8338995266.0,-91923637.0
2022-05-04,8289733383.0,-49261883.0
2022-05-05,8197809049.0,-91924334.0
2022-05-06,8214309359.0,16500310.0
2022-05-07,8159344682.0,-54964677.0
2022-05-08,7975913291.0,-183431391.0
2022-05-09,7556916646.0,-418996645.0
2022-05-10,7163337396.0,-393579250.0
2022-05-11,6982432940.0,-180904456.0
2022-05-12,6176756288.0,-805676652.0
2022-05-13,6007806453.0,-168949835.0
2022-05-14,6025373194.0,17566741.0
2022-05-15,5991514910.0,-33858284.0
2022-05-16,6043777513.0,52262603.0
2022-05-17,6020836694.0,-22940819.0
2022-05-18,6121651621.0,100814927.0
2022-05-19,6100276579.0,-21375042.0
2022-05-20,6208490700.0,108214121.0
2022-05-21,6138517324.0,-69973376.0
2022-05-22,6116973370.0,-21543954.0
2022-05-23,6136221943.0,19248573.0
2022-05-24,6169374384.0,33152441.0
2022-05-25,6171972722.0,2598338.0
2022-05-26,6171312742.0,-659980.0
2022-05-27,6185381417.0,14068675.0
2022-05-28,6205867272.0,20485855.0
2022-05-29,6230245585.0,24378313.0
2022-05-30,6241135935.0,10890350.0
2022-05-31,6294313853.0,53177918.0
2022-06-01,6365185693.0,70871840.0
2022-06-02,6392362184.0,27176491.0
2022-06-03,6408782885.0,16420701.0
2022-06-04,6421679437.0,12896552.0
2022-06-05,6416268295.0,-5411142.0
2022-06-06,6434554207.0,18285912.0
2022-06-07,6455895760.0,21341553.0
2022-06-08,6504511927.0,48616167.0
2022-06-09,6571907900.0,67395973.0
2022-06-10,6582839696.0,10931796.0
2022-06-11,6656095634.0,73255938.0
2022-06-12,6613028358.0,-43067276.0
2022-06-13,6591169762.0,-21858596.0
2022-06-14,6455314704.0,-135855058.0
2022-06-15,6357872166.0,-97442538.0
2022-06-16,6285575425.0,-72296741.0
2022-06-17,6237242772.0,-48332653.0
2022-06-18,6367868986.0,130626214.0
2022-06-19,6284483284.0,-83385702.0
2022-06-20,6286172860.0,1689576.0
2022-06-21,6280259001.0,-5913859.0
2022-06-22,6318427671.0,38168670.0
2022-06-23,6333330027.0,14902356.0
2022-06-24,6328911474.0,-4418553.0
2022-06-25,6323171707.0,-5739767.0
2022-06-26,6344501028.0,21329321.0
2022-06-27,6322849487.0,-21651541.0
2022-06-28,6331235461.0,8385974.0
2022-06-29,6250595574.0,-80639887.0
2022-06-30,6322265246.0,71669672.0
2022-07-01,6319730151.0,-2535095.0
2022-07-02,6396450375.0,76720224.0
2022-07-03,6406962775.0,10512400.0
2022-07-04,6430833317.0,23870542.0
2022-07-05,6440188597.0,9355280.0
2022-07-06,6433766301.0,-6422296.0
2022-07-07,6420143840.0,-13622461.0
2022-07-08,6445656636.0,25512796.0
2022-07-09,6461631548.0,15974912.0
2022-07-10,6487247003.0,25615455.0
2022-07-11,6425483975.0,-61763028.0
2022-07-12,6454325558.0,28841583.0
2022-07-13,6401322933.0,-53002625.0
2022-07-14,6465404048.0,64081115.0
2022-07-15,6496648680.0,31244632.0
2022-07-16,6540391831.0,43743151.0
2022-07-17,6588727400.0,48335569.0
2022-07-18,6713131763.0,124404363.0
2022-07-19,6772181520.0,59049757.0
2022-07-20,6813842983.0,41661463.0
2022-07-21,6833858495.0,20015512.0
2022-07-22,6808659864.0,-25198631.0
2022-07-23,6868818890.0,60159026.0
2022-07-24,6918607706.0,49788816.0
2022-07-25,6913365132.0,-5242574.0
2022-07-26,6872863685.0,-40501447.0
2022-07-27,6883246369.0,10382684.0
2022-07-28,6927887133.0,44640764.0
2022-07-29,6987503080.0,59615947.0
2022-07-30,7017296569.0,29793489.0
2022-07-31,7000315771.0,-16980798.0
2022-08-01,6970932769.0,-29383002.0
2022-08-02,6990217547.0,19284778.0
2022-08-03,6986805787.0,-3411760.0
2022-08-04,6943602666.0,-43203121.0
2022-08-05,7019347365.0,75744699.0
2022-08-06,7039553415.0,20206050.0
2022-08-07,7079507537.0,39954122.0
2022-08-08,7007186679.0,-72320858.0
2022-08-09,7038383739.0,31197060.0
2022-08-10,7070219248.0,31835509.0
2022-08-11,7111295723.0,41076475.0
2022-08-12,7006540068.0,-104755655.0
2022-08-13,6835569566.0,-170970502.0
2022-08-14,6850039736.0,14470170.0
2022-08-15,6810131427.0,-39908309.0
2022-08-16,6800406561.0,-9724866.0
2022-08-17,6774115242.0,-26291319.0
2022-08-18,6732521880.0,-41593362.0
2022-08-19,6692115250.0,-40406630.0
2022-08-20,6641386150.0,-50729100.0
2022-08-21,6585844907.0,-55541243.0
2022-08-22,6551101426.0,-34743481.0
2022-08-23,6527072580.0,-24028846.0
2022-08-24,6511799141.0,-15273439.0
2022-08-25,6496625506.0,-15173635.0
2022-08-26,6511205820.0,14580314.0
2022-08-27,6492428510.0,-18777310.0
2022-08-28,6478053504.0,-14375006.0
2022-08-29,6472676560.0,-5376944.0
2022-08-30,6482996497.0,10319937.0
2022-08-31,6513654564.0,30658067.0
2022-09-01,6512129386.0,-1525178.0
2022-09-02,6549160998.0,37031612.0
2022-09-03,6543246147.0,-5914851.0
2022-09-04,6535145253.0,-8100894.0
2022-09-05,6449107023.0,-86038230.0
2022-09-06,6422655195.0,-26451828.0
2022-09-07,6408253781.0,-14401414.0
2022-09-08,6405523031.0,-2730750.0
2022-09-09,6410185584.0,4662553.0
2022-09-10,6411812547.0,1626963.0
2022-09-11,6435984181.0,24171634.0
2022-09-12,6440832858.0,4848677.0
2022-09-13,6423856952.0,-16975906.0
2022-09-14,6389593937.0,-34263015.0
2022-09-15,6383386329.0,-6207608.0
2022-09-16,6371976830.0,-11409499.0
2022-09-17,6374280158.0,2303328.0
2022-09-18,6433988516.0,59708358.0
2022-09-19,6426077261.0,-7911255.0
2022-09-20,6379837459.0,-46239802.0
2022-09-21,6418571963.0,38734504.0
2022-09-22,6412136991.0,-6434972.0
2022-09-23,6473956364.0,61819373.0
2022-09-24,6477347417.0,3391053.0
2022-09-25,6471422615.0,-5924802.0
2022-09-26,6470564787.0,-857828.0
2022-09-27,6461496878.0,-9067909.0
2022-09-28,6449756415.0,-11740463.0
2022-09-29,6405633520.0,-44122895.0
2022-09-30,6412476533.0,6843013.0
2022-10-01,6410597396.0,-1879137.0
2022-10-02,6407231969.0,-3365427.0
2022-10-03,6374829996.0,-32401973.0
2022-10-04,6328114447.0,-46715549.0
2022-10-05,6348183702.0,20069255.0
2022-10-06,6338818746.0,-9364956.0
2022-10-07,6329709120.0,-9109626.0
2022-10-08,6312891896.0,-16817224.0
2022-10-09,6313922897.0,1031001.0
2022-10-10,6306111486.0,-7811411.0
2022-10-11,6280328560.0,-25782926.0
2022-10-12,6246283301.0,-34045259.0
2022-10-13,6202179646.0,-44103655.0
2022-10-14,6037140991.0,-165038655.0
2022-10-15,6029027825.0,-8113166.0
2022-10-16,6018984633.0,-10043192.0
2022-10-17,6021437582.0,2452949.0
2022-10-18,6001394114.0,-20043468.0
2022-10-19,5913645400.0,-87748714.0
2022-10-20,5876697210.0,-36948190.0
2022-10-21,5796976984.0,-79720226.0
2022-10-22,5748038382.0,-48938602.0
2022-10-23,5755030445.0,6992063.0
2022-10-24,5786191409.0,31160964.0
2022-10-25,5785277375.0,-914034.0
2022-10-26,5790557229.0,5279854.0
2022-10-27,5792095831.0,1538602.0
2022-10-28,5797115369.0,5019538.0
2022-10-29,5769620018.0,-27495351.0
2022-10-30,5782823654.0,13203636.0
2022-10-31,5774959360.0,-7864294.0
2022-11-01,5683797889.0,-91161471.0
2022-11-02,5657479288.0,-26318601.0
2022-11-03,5668050768.0,10571480.0
2022-11-04,5658283048.0,-9767720.0
2022-11-05,5692143252.0,33860204.0
2022-11-06,5722149110.0,30005858.0
2022-11-07,5772096726.0,49947616.0
2022-11-08,5787183940.0,15087214.0
2022-11-09,5751459012.0,-35724928.0
2022-11-10,5437149036.0,-314309976.0
2022-11-11,5391555587.0,-45593449.0
2022-11-12,5394004683.0,2449096.0
2022-11-13,5441699507.0,47694824.0
2022-11-14,5436348258.0,-5351249.0
2022-11-15,5466952845.0,30604587.0
2022-11-16,5439447582.0,-27505263.0
2022-11-17,5430814158.0,-8633424.0
2022-11-18,5449264302.0,18450144.0
2022-11-19,5425238337.0,-24025965.0
2022-11-20,5432064142.0,6825805.0
2022-11-21,5405934262.0,-26129880.0
2022-11-22,5352993996.0,-52940266.0
2022-11-23,5367921913.0,14927917.0
2022-11-24,5243752781.0,-124169132.0
2022-11-25,5261562431.0,17809650.0
2022-11-26,5253903530.0,-7658901.0
2022-11-27,5266875738.0,12972208.0
2022-11-28,5189391074.0,-77484664.0
2022-11-29,5197232902.0,7841828.0
2022-11-30,5177508377.0,-19724525.0
2022-12-01,5190940506.0,13432129.0
2022-12-02,5201199129.0,10258623.0
2022-12-03,5223885223.0,22686094.0
2022-12-04,5223149757.0,-735466.0
2022-12-05,5220263452.0,-2886305.0
2022-12-06,5219747527.0,-515925.0
2022-12-07,5170128638.0,-49618889.0
2022-12-08,5172166058.0,2037420.0
2022-12-09,5176241274.0,4075216.0
2022-12-10,5173767279.0,-2473995.0
2022-12-11,5180175960.0,6408681.0
2022-12-12,5174745541.0,-5430419.0
2022-12-13,5162671193.0,-12074348.0
2022-12-14,5163529431.0,858238.0
2022-12-15,5152553455.0,-10975976.0
2022-12-16,5129580148.0,-22973307.0
2022-12-17,5138333362.0,8753214.0
2022-12-18,5147283616.0,8950254.0
2022-12-19,5147824207.0,540591.0
2022-12-20,5150611980.0,2787773.0
2022-12-21,5170854946.0,20242966.0
2022-12-22,5175522378.0,4667432.0
2022-12-23,5164093379.0,-11428999.0
2022-12-24,5152980756.0,-11112623.0
2022-12-25,5157601809.0,4621053.0
2022-12-26,5147332251.0,-10269558.0
2022-12-27,5136178470.0,-11153781.0
2022-12-28,5121377390.0,-14801080.0
2022-12-29,5080248555.0,-41128835.0
2022-12-30,5077444933.0,-2803622.0
2022-12-31,5061925238.0,-15519695.0
2023-01-01,5056502018.0,-5423220.0
2023-01-02,5052759431.0,-3742587.0
2023-01-03,5057787126.0,5027695.0
2023-01-04,5059363528.0,1576402.0
2023-01-05,5035185933.0,-24177595.0
2023-01-06,5016002044.0,-19183889.0
2023-01-07,5004284744.0,-11717300.0
2023-01-08,5047474309.0,43189565.0
2023-01-09,5066075174.0,18600865.0
2023-01-10,5072548741.0,6473567.0
2023-01-11,5072035731.0,-513010.0
2023-01-12,5058553959.0,-13481772.0
2023-01-13,5059736457.0,1182498.0
2023-01-14,5085914736.0,26178279.0
2023-01-15,5098324191.0,12409455.0
2023-01-16,5102948703.0,4624512.0
2023-01-17,5099089485.0,-3859218.0
2023-01-18,5097905769.0,-1183716.0
2023-01-19,5113297318.0,15391549.0
2023-01-20,5112344782.0,-952536.0
2023-01-21,5115147602.0,2802820.0
2023-01-22,5135175908.0,20028306.0
2023-01-23,5138197689.0,3021781.0
2023-01-24,5141679004.0,3481315.0
2023-01-25,5156257023.0,14578019.0
2023-01-26,5156618447.0,361424.0
2023-01-27,5142995166.0,-13623281.0
2023-01-28,5131479374.0,-11515792.0
2023-01-29,5136085355.0,4605981.0
2023-01-30,5131945540.0,-4139815.0
2023-01-31,5124448188.0,-7497352.0
2023-02-01,5109220274.0,-15227914.0
2023-02-02,5099834061.0,-9386213.0
2023-02-03,5107263655.0,7429594.0
2023-02-04,5095939556.0,-11324099.0
2023-02-05,5103033741.0,7094185.0
2023-02-06,5108661679.0,5627938.0
2023-02-07,5106194710.0,-2466969.0
2023-02-08,5096385107.0,-9809603.0
2023-02-09,5101680743.0,5295636.0
2023-02-10,5089114275.0,-12566468.0
2023-02-11,5083865127.0,-5249148.0
2023-02-12,5081238186.0,-2626941.0
2023-02-13,5082389286.0,1151100.0
2023-02-14,5095430331.0,13041045.0
2023-02-15,5086432467.0,-8997864.0
2023-02-16,5087085609.0,653142.0
2023-02-17,5090497126.0,3411517.0
2023-02-18,5069755254.0,-20741872.0
2023-02-19,5082188199.0,12432945.0
2023-02-20,5084376219.0,2188020.0
2023-02-21,5087755205.0,3378986.0
2023-02-22,5025497973.0,-62257232.0
2023-02-23,5034632736.0,9134763.0
2023-02-24,5023801940.0,-10830796.0
2023-02-25,5022538524.0,-1263416.0
2023-02-26,5022390510.0,-148014.0
2023-02-27,5027887498.0,5496988.0
2023-02-28,5031544883.0,3657385.0
2023-03-01,5025249703.0,-6295180.0
2023-03-02,5013821892.0,-11427811.0
2023-03-03,5022905153.0,9083261.0
2023-03-04,5008414439.0,-14490714.0
2023-03-05,5016539623.0,8125184.0
2023-03-06,5002052962.0,-14486661.0
2023-03-07,5004616099.0,2563137.0
2023-03-08,4992034728.0,-12581371.0
2023-03-09,4978720763.0,-13313965.0
2023-03-10,4914241779.0,-64478984.0
2023-03-11,5099872824.0,185631045.0
2023-03-12,5829992476.0,730119652.0
2023-03-13,6354719957.0,524727481.0
2023-03-14,6281301167.0,-73418790.0
2023-03-15,6040897060.0,-240404107.0
2023-03-16,5795515043.0,-245382017.0
2023-03-17,5566042447.0,-229472596.0
2023-03-18,5459068162.0,-106974285.0
2023-03-19,5430257937.0,-28810225.0
2023-03-20,5409493536.0,-20764401.0
2023-03-21,5399321748.0,-10171788.0
2023-03-22,5386927527.0,-12394221.0
2023-03-23,5295219811.0,-91707716.0
2023-03-24,5283706491.0,-11513320.0
2023-03-25,5243400361.0,-40306130.0
2023-03-26,5241821138.0,-1579223.0
2023-03-27,5234584092.0,-7237046.0
2023-03-28,5147163334.0,-87420758.0
2023-03-29,5118816202.0,-28347132.0
2023-03-30,5103349240.0,-15466962.0
2023-03-31,5096764173.0,-6585067.0
2023-04-01,5097219737.0,455564.0
2023-04-02,5098655957.0,1436220.0
2023-04-03,5109383566.0,10727609.0
2023-04-04,5092490382.0,-16893184.0
2023-04-05,5093332050.0,841668.0
2023-04-06,5083854788.0,-9477262.0
2023-04-07,5085068955.0,1214167.0
2023-04-08,5082352628.0,-2716327.0
2023-04-09,5077677554.0,-4675074.0
2023-04-10,5070362809.0,-7314745.0
2023-04-11,5056286415.0,-14076394.0
2023-04-12,5044866926.0,-11419489.0
2023-04-13,5020927008.0,-23939918.0
2023-04-14,5010239606.0,-10687402.0
2023-04-15,5013234144.0,2994538.0
2023-04-16,5026673664.0,13439520.0
2023-04-17,5015182398.0,-11491266.0
2023-04-18,4882603473.0,-132578925.0
2023-04-19,4864412825.0,-18190648.0
2023-04-20,4857992464.0,-6420361.0
2023-04-21,4850557997.0,-7434467.0
2023-04-22,4800943948.0,-49614049.0
2023-04-23,4780968554.0,-19975394.0
2023-04-24,4779184914.0,-1783640.0
2023-04-25,4790025999.0,10841085.0
2023-04-26,4788214973.0,-1811026.0
2023-04-27,4791491746.0,3276773.0
2023-04-28,4782182539.0,-9309207.0
2023-04-29,4732221148.0,-49961391.0
2023-04-30,4732465508.0,244360.0
2023-05-01,4736276544.0,3811036.0
2023-05-02,4728180040.0,-8096504.0
2023-05-03,4704545501.0,-23634539.0
2023-05-04,4685816678.0,-18728823.0
2023-05-05,4681419453.0,-4397225.0
2023-05-06,4672681864.0,-8737589.0
2023-05-07,4684342312.0,11660448.0
2023-05-08,4685152787.0,810475.0
2023-05-09,4686842442.0,1689655.0
2023-05-10,4691134797.0,4292355.0
2023-05-11,4689552524.0,-1582273.0
2023-05-12,4683186811.0,-6365713.0
2023-05-13,4668987848.0,-14198963.0
2023-05-14,4668606133.0,-381715.0
2023-05-15,4667519689.0,-1086444.0
2023-05-16,4663501672.0,-4018017.0
2023-05-17,4664002699.0,501027.0
2023-05-18,4667718936.0,3716237.0
2023-05-19,4668603960.0,885024.0
2023-05-20,4666010659.0,-2593301.0
2023-05-21,4648066388.0,-17944271.0
2023-05-22,4658779379.0,10712991.0
2023-05-23,4655179883.0,-3599496.0
2023-05-24,4635891798.0,-19288085.0
2023-05-25,4624612751.0,-11279047.0
2023-05-26,4622155160.0,-2457591.0
2023-05-27,4618938219.0,-3216941.0
2023-05-28,4622298595.0,3360376.0
2023-05-29,4623864067.0,1565472.0
2023-05-30,4626740896.0,2876829.0
2023-05-31,4629017274.0,2276378.0
2023-06-01,4619862639.0,-9154635.0
2023-06-02,4602232131.0,-17630508.0
2023-06-03,4591182850.0,-11049281.0
2023-06-04,4589517144.0,-1665706.0
2023-06-05,4589299270.0,-217874.0
2023-06-06,4586122571.0,-3176699.0
2023-06-07,4573340863.0,-12781708.0
2023-06-08,4568056316.0,-5284547.0
2023-06-09,4552607685.0,-15448631.0
2023-06-10,4542446167.0,-10161518.0
2023-06-11,4544382326.0,1936159.0
2023-06-12,4542050532.0,-2331794.0
2023-06-13,4516549995.0,-25500537.0
2023-06-14,4491866997.0,-24682998.0
2023-06-15,4484712392.0,-7154605.0
2023-06-16,4390326664.0,-94385728.0
2023-06-17,4398108246.0,7781582.0
2023-06-18,4416537189.0,18428943.0
2023-06-19,4426960688.0,10423499.0
2023-06-20,4420215648.0,-6745040.0
2023-06-21,4445905218.0,25689570.0
2023-06-22,4424675101.0,-21230117.0
2023-06-23,4447843472.0,23168371.0
2023-06-24,4452673151.0,4829679.0
2023-06-25,4454474272.0,1801121.0
2023-06-26,4449300505.0,-5173767.0
2023-06-27,4425650858.0,-23649647.0
2023-06-28,4410084564.0,-15566294.0
2023-06-29,4397271965.0,-12812599.0
2023-06-30,4379764323.0,-17507642.0
2023-07-01,4344009117.0,-35755206.0
2023-07-02,4341983422.0,-2025695.0
2023-07-03,4338410396.0,-3573026.0
2023-07-04,4333263420.0,-5146976.0
2023-07-05,4334866213.0,1602793.0
2023-07-06,4317257780.0,-17608433.0
2023-07-07,4310592303.0,-6665477.0
2023-07-08,4307563296.0,-3029007.0
2023-07-09,4299681210.0,-7882086.0
2023-07-10,4293474192.0,-6207018.0
2023-07-11,4287056748.0,-6417444.0
2023-07-12,4293116204.0,6059456.0
2023-07-13,4282971651.0,-10144553.0
2023-07-14,4286614846.0,3643195.0
2023-07-15,4281243577.0,-5371269.0
2023-07-16,4282335315.0,1091738.0
2023-07-17,4276316834.0,-6018481.0
2023-07-18,4267715079.0,-8601755.0
2023-07-19,4266628279.0,-1086800.0
2023-07-20,4257529974.0,-9098305.0
2023-07-21,4251104355.0,-6425619.0
2023-07-22,4230107612.0,-20996743.0
2023-07-23,4231119449.0,1011837.0
2023-07-24,4232543995.0,1424546.0
2023-07-25,4201157577.0,-31386418.0
2023-07-26,4194984831.0,-6172746.0
2023-07-27,4181562937.0,-13421894.0
2023-07-28,4175435568.0,-6127369.0
2023-07-29,4155154881.0,-20280687.0
2023-07-30,4149437260.0,-5717621.0
2023-07-31,4153599268.0,4162008.0
2023-08-01,4167675662.0,14076394.0
2023-08-02,4107008272.0,-60667390.0
2023-08-03,4080386474.0,-26621798.0
2023-08-04,4053444400.0,-26942074.0
2023-08-05,4029865044.0,-23579356.0
2023-08-06,4035369905.0,5504861.0
2023-08-07,4032490489.0,-2879416.0
2023-08-08,4025817928.0,-6672561.0
2023-08-09,4042969770.0,17151842.0
2023-08-10,4046545252.0,3575482.0
2023-08-11,4005561358.0,-40983894.0
2023-08-12,3969319820.0,-36241538.0
2023-08-13,4007354627.0,38034807.0
2023-08-14,3993144855.0,-14209772.0
2023-08-15,3964872714.0,-28272141.0
2023-08-16,3927748770.0,-37123944.0
2023-08-17,3925028254.0,-2720516.0
2023-08-18,3933424140.0,8395886.0
2023-08-19,3931626061.0,-1798079.0
2023-08-20,3929053540.0,-2572521.0
2023-08-21,3969985874.0,40932334.0
2023-08-22,5085500655.0,1115514781.0
2023-08-23,5081764129.0,-3736526.0
2023-08-24,5065070487.0,-16693642.0
2023-08-25,5112143122.0,47072635.0
2023-08-26,5104549537.0,-7593585.0
2023-08-27,5134665931.0,30116394.0
2023-08-28,5152157924.0,17491993.0
2023-08-29,5154730845.0,2572921.0
2023-08-30,5197303938.0,42573093.0
2023-08-31,5204661950.0,7358012.0
2023-09-01,5214990618.0,10328668.0
2023-09-02,5201377691.0,-13612927.0
2023-09-03,5220532564.0,19154873.0
2023-09-04,5236386776.0,15854212.0
2023-09-05,5227719419.0,-8667357.0
2023-09-06,5218466328.0,-9253091.0
2023-09-07,5248477681.0,30011353.0
2023-09-08,5240798289.0,-7679392.0
2023-09-09,5258385392.0,17587103.0
2023-09-10,5265512832.0,7127440.0
2023-09-11,5290034840.0,24522008.0
2023-09-12,5300287318.0,10252478.0
2023-09-13,5314066059.0,13778741.0
2023-09-14,5334090820.0,20024761.0
2023-09-15,5361328213.0,27237393.0
2023-09-16,5370670849.0,9342636.0
2023-09-17,5391639726.0,20968877.0
2023-09-18,5425403996.0,33764270.0
2023-09-19,5410308346.0,-15095650.0
2023-09-20,5415874632.0,5566286.0
2023-09-21,5422717843.0,6843211.0
2023-09-22,5428867004.0,6149161.0
2023-09-23,5432447136.0,3580132.0
2023-09-24,5458992191.0,26545055.0
2023-09-25,5463760141.0,4767950.0
2023-09-26,5461293854.0,-2466287.0
2023-09-27,5458298456.0,-2995398.0
2023-09-28,5453864063.0,-4434393.0
2023-09-29,5475998005.0,22133942.0
2023-09-30,5485378687.0,9380682.0
2023-10-01,5478876919.0,-6501768.0
2023-10-02,5485345143.0,6468224.0
2023-10-03,5495064665.0,9719522.0
2023-10-04,5477242060.0,-17822605.0
2023-10-05,5472486832.0,-4755228.0
2023-10-06,5471003803.0,-1483029.0
2023-10-07,5477264779.0,6260976.0
2023-10-08,5487036588.0,9771809.0
2023-10-09,5497513155.0,10476567.0
2023-10-10,5506574128.0,9060973.0
2023-10-11,5501287634.0,-5286494.0
2023-10-12,5483900054.0,-17387580.0
2023-10-13,5450677235.0,-33222819.0
2023-10-14,5458065205.0,7387970.0
2023-10-15,5476087407.0,18022202.0
2023-10-16,5483128141.0,7040734.0
2023-10-17,5476174356.0,-6953785.0
2023-10-18,5484577126.0,8402770.0
2023-10-19,5483484755.0,-1092371.0
2023-10-20,5516688459.0,33203704.0
2023-10-21,5540157449.0,23468990.0
2023-10-22,5550758859.0,10601410.0
2023-10-23,5554864953.0,4106094.0
2023-10-24,5510883570.0,-43981383.0
2023-10-25,5483672839.0,-27210731.0
2023-10-26,5480575965.0,-3096874.0
2023-10-27,5495332659.0,14756694.0
2023-10-28,5468731144.0,-26601515.0
2023-10-29,5444691075.0,-24040069.0
2023-10-30,5436257315.0,-8433760.0
2023-10-31,5342821155.0,-93436160.0
2023-11-01,5287336681.0,-55484474.0
2023-11-02,5337492124.0,50155443.0
2023-11-03,5326571398.0,-10920726.0
2023-11-04,5331439343.0,4867945.0
2023-11-05,5349348702.0,17909359.0
2023-11-06,5344181928.0,-5166774.0
2023-11-07,5330370526.0,-13811402.0
2023-11-08,5317462505.0,-12908021.0
2023-11-09,5283067262.0,-34395243.0
2023-11-10,5275335773.0,-7731489.0
2023-11-11,5256992533.0,-18343240.0
2023-11-12,5286480319.0,29487786.0
2023-11-13,5270872341.0,-15607978.0
2023-11-14,5254549206.0,-16323135.0
2023-11-15,5227581784.0,-26967422.0
2023-11-16,5215510801.0,-12070983.0
2023-11-17,5207365932.0,-8144869.0
2023-11-18,5196263570.0,-11102362.0
2023-11-19,5210481998.0,14218428.0
2023-11-20,5232165262.0,21683264.0
2023-11-21,5223326418.0,-8838844.0
2023-11-22,5236274967.0,12948549.0
2023-11-23,5235805645.0,-469322.0
2023-11-24,5234612331.0,-1193314.0
2023-11-25,5268065361.0,33453030.0
2023-11-26,5285673286.0,17607925.0
2023-11-27,5290788423.0,5115137.0
2023-11-28,5277763272.0,-13025151.0
2023-11-29,5281642076.0,3878804.0
2023-11-30,5279748080.0,-1893996.0
2023-12-01,5281563851.0,1815771.0
2023-12-02,5274416214.0,-7147637.0
2023-12-03,5260495810.0,-13920404.0
2023-12-04,5282108988.0,21613178.0
2023-12-05,5296753627.0,14644639.0
2023-12-06,5294583435.0,-2170192.0
2023-12-07,5312218620.0,17635185.0
2023-12-08,5324896820.0,12678200.0
2023-12-09,5341425790.0,16528970.0
2023-12-10,5360690841.0,19265051.0
2023-12-11,5366211499.0,5520658.0
2023-12-12,5324118362.0,-42093137.0
2023-12-13,5225223485.0,-98894877.0
2023-12-14,5205753750.0,-19469735.0
2023-12-15,5203731059.0,-2022691.0
2023-12-16,5186598849.0,-17132210.0
2023-12-17,5218317603.0,31718754.0
2023-12-18,5219995202.0,1677599.0
2023-12-19,5229859277.0,9864075.0
2023-12-20,5226985397.0,-2873880.0
2023-12-21,5228354219.0,1368822.0
2023-12-22,5228821710.0,467491.0
2023-12-23,5243131404.0,14309694.0
2023-12-24,5268833981.0,25702577.0
2023-12-25,5267079542.0,-1754439.0
2023-12-26,5250732612.0,-16346930.0
2023-12-27,5229957177.0,-20775435.0
2023-12-28,5225992129.0,-3965048.0
2023-12-29,5202648234.0,-23343895.0
2023-12-30,5200956943.0,-1691291.0
2023-12-31,5189602665.0,-11354278.0
2024-01-01,5165963739.0,-23638926.0
2024-01-02,5204611604.0,38647865.0
2024-01-03,5221682248.0,17070644.0
2024-01-04,5231656231.0,9973983.0
2024-01-05,5230133850.0,-1522381.0
2024-01-06,5202018899.0,-28114951.0
2024-01-07,5203035418.0,1016519.0
2024-01-08,5212861627.0,9826209.0
2024-01-09,5235400551.0,22538924.0
2024-01-10,5237727137.0,2326586.0
2024-01-11,5242203237.0,4476100.0
2024-01-12,5231937329.0,-10265908.0
2024-01-13,5190655663.0,-41281666.0
2024-01-14,5186211420.0,-4444243.0
2024-01-15,5150822003.0,-35389417.0
2024-01-16,5141979515.0,-8842488.0
2024-01-17,5138381160.0,-3598355.0
2024-01-18,5130679613.0,-7701547.0
2024-01-19,5120786675.0,-9892938.0
2024-01-20,5110141693.0,-10644982.0
2024-01-21,5108789741.0,-1351952.0
2024-01-22,5104227326.0,-4562415.0
2024-01-23,5083879257.0,-20348069.0
2024-01-24,5104236372.0,20357115.0
2024-01-25,5128691104.0,24454732.0
2024-01-26,5152183954.0,23492850.0
2024-01-27,5163763715.0,11579761.0
2024-01-28,5164417543.0,653828.0
2024-01-29,5165742513.0,1324970.0
2024-01-30,5154738424.0,-11004089.0
2024-01-31,4888965331.0,-265773093.0
2024-02-01,4827538760.0,-61426571.0
2024-02-02,4826453607.0,-1085153.0
2024-02-03,4813793555.0,-12660052.0
2024-02-04,4818518677.0,4725122.0
2024-02-05,4818536288.0,17611.0
2024-02-06,4800107651.0,-18428637.0
2024-02-07,4810955896.0,10848245.0
2024-02-08,4802324962.0,-8630934.0
2024-02-09,4804373570.0,2048608.0
2024-02-10,4820192058.0,15818488.0
2024-02-11,4837400591.0,17208533.0
2024-02-12,4851403888.0,14003297.0
2024-02-13,4819384497.0,-32019391.0
2024-02-14,4811112499.0,-8271998.0
2024-02-15,4806302281.0,-4810218.0
2024-02-16,4836878225.0,30575944.0
2024-02-17,4823566990.0,-13311235.0
2024-02-18,4844204179.0,20637189.0
2024-02-19,4852479347.0,8275168.0
2024-02-20,4897517416.0,45038069.0
2024-02-21,4858090731.0,-39426685.0
2024-02-22,4859889895.0,1799164.0
2024-02-23,4833497577.0,-26392318.0
2024-02-24,4854271125.0,20773548.0
2024-02-25,4868600025.0,14328900.0
2024-02-26,4872640509.0,4040484.0
2024-02-27,4893923621.0,21283112.0
2024-02-28,4904084525.0,10160904.0
2024-02-29,4918653402.0,14568877.0
2024-03-01,4926300774.0,7647372.0
2024-03-02,4944380165.0,18079391.0
2024-03-03,4922861441.0,-21518724.0
2024-03-04,4927481093.0,4619652.0
2024-03-05,4885233745.0,-42247348.0
2024-03-06,4705471600.0,-179762145.0
2024-03-07,4776331749.0,70860149.0
2024-03-08,4375266494.0,-401065255.0
2024-03-09,4337628063.0,-37638431.0
2024-03-10,4335687531.0,-1940532.0
2024-03-11,4511057722.0,175370191.0
2024-03-12,4507244343.0,-3813379.0
2024-03-13,4503268947.0,-3975396.0
2024-03-14,4523044713.0,19775766.0
2024-03-15,4525317401.0,2272688.0
2024-03-16,4613927584.0,88610183.0
2024-03-17,4664961848.0,51034264.0
2024-03-18,4620024649.0,-44937199.0
2024-03-19,4678125828.0,58101179.0
2024-03-20,4633344856.0,-44780972.0
2024-03-21,4604280265.0,-29064591.0
2024-03-22,4627953557.0,23673292.0
2024-03-23,4707116462.0,79162905.0
2024-03-24,4776386201.0,69269739.0
2024-03-25,4825561840.0,49175639.0
2024-03-26,4725382299.0,-100179541.0
2024-03-27,4754423579.0,29041280.0
2024-03-28,4748062281.0,-6361298.0
2024-03-29,4759597317.0,11535036.0
2024-03-30,4832072824.0,72475507.0
2024-03-31,4828051348.0,-4021476.0
2024-04-01,4835983113.0,7931765.0
2024-04-02,4899900513.0,63917400.0
2024-04-03,4905662706.0,5762193.0
2024-04-04,4877319619.0,-28343087.0
2024-04-05,4930671598.0,53351979.0
2024-04-06,4984402452.0,53730854.0
2024-04-07,5051518842.0,67116390.0
2024-04-08,5021897481.0,-29621361.0
2024-04-09,4804709294.0,-217188187.0
2024-04-10,4745275334.0,-59433960.0
2024-04-11,4791804133.0,46528799.0
2024-04-12,4809921395.0,18117262.0
2024-04-13,4879073069.0,69151674.0
2024-04-14,5066747800.0,187674731.0
2024-04-15,5013641149.0,-53106651.0
2024-04-16,4933211904.0,-80429245.0
2024-04-17,5038634509.0,105422605.0
2024-04-18,4942929906.0,-95704603.0
2024-04-19,4983628640.0,40698734.0
2024-04-20,5026871069.0,43242429.0
2024-04-21,5084628478.0,57757409.0
2024-04-22,5109574475.0,24945997.0
2024-04-23,5169522878.0,59948403.0
2024-04-24,5179273924.0,9751046.0
2024-04-25,5152864745.0,-26409179.0
2024-04-26,5152864745.0,0.0
2024-04-27,5152864745.0,0.0
2024-04-28,5233382290.0,80517545.0
2024-04-29,5220228876.0,-13153414.0
2024-04-30,5196443681.0,-23785195.0
2024-05-01,5177369095.0,-19074586.0
2024-05-02,5131533729.0,-45835366.0
2024-05-03,5196508370.0,64974641.0
2024-05-04,5259423092.0,62914722.0
2024-05-05,5359966945.0,100543853.0
2024-05-06,5381020141.0,21053196.0
2024-05-07,5298037980.0,-82982161.0
2024-05-08,5326701230.0,28663250.0
2024-05-09,5345800382.0,19099152.0
2024-05-10,5369776222.0,23975840.0
2024-05-11,5389227165.0,19450943.0
2024-05-12,5399953108.0,10725943.0
2024-05-13,5403007833.0,3054725.0
2024-05-14,5402107390.0,-900443.0
2024-05-15,5371420784.0,-30686606.0
2024-05-16,5395696644.0,24275860.0
2024-05-17,5367325779.0,-28370865.0
2024-05-18,5365025710.0,-2300069.0
2024-05-19,5431507980.0,66482270.0
2024-05-20,5441765105.0,10257125.0
2024-05-21,5314025953.0,-127739152.0
2024-05-22,5251265002.0,-62760951.0
2024-05-23,5239848654.0,-11416348.0
2024-05-24,5208664265.0,-31184389.0
2024-05-25,5224029735.0,15365470.0
2024-05-26,5225529089.0,1499354.0
2024-05-27,5202531174.0,-22997915.0
2024-05-28,5251804148.0,49272974.0
2024-05-29,5243347930.0,-8456218.0
2024-05-30,5238393412.0,-4954518.0
2024-05-31,5263559988.0,25166576.0
2024-06-01,5220339281.0,-43220707.0
2024-06-02,5230448781.0,10109500.0
2024-06-03,5198196857.0,-32251924.0
2024-06-04,5162614163.0,-35582694.0
2024-06-05,5176585036.0,13970873.0
2024-06-06,5222080202.0,45495166.0
2024-06-07,5182420203.0,-39659999.0
2024-06-08,5194019101.0,11598898.0
2024-06-09,5177628553.0,-16390548.0
2024-06-10,5185085202.0,7456649.0
2024-06-11,5207668727.0,22583525.0
2024-06-12,5199461254.0,-8207473.0
2024-06-13,5204556378.0,5095124.0
2024-06-14,5187435162.0,-17121216.0
2024-06-15,5139224651.0,-48210511.0
2024-06-16,5159096906.0,19872255.0
2024-06-17,5156274171.0,-2822735.0
2024-06-18,5184815991.0,28541820.0
2024-06-19,5180585051.0,-4230940.0
2024-06-20,5171704918.0,-8880133.0
2024-06-21,5102448694.0,-69256224.0
2024-06-22,5088470675.0,-13978019.0
2024-06-23,5127254600.0,38783925.0
2024-06-24,5125725796.0,-1528804.0
2024-06-25,5097823454.0,-27902342.0
2024-06-26,5105194146.0,7370692.0
2024-06-27,5057378514.0,-47815632.0
2024-06-28,5084537873.0,27159359.0
2024-06-29,5045777381.0,-38760492.0
2024-06-30,5059898651.0,14121270.0
2024-07-01,5006678278.0,-53220373.0
2024-07-02,5071697251.0,65018973.0
2024-07-03,5093245199.0,21547948.0
2024-07-04,5092885598.0,-359601.0
2024-07-05,5061042128.0,-31843470.0
2024-07-06,5115847757.0,54805629.0
2024-07-07,5241870753.0,126022996.0
2024-07-08,5241766920.0,-103833.0
2024-07-09,5165551744.0,-76215176.0
2024-07-10,5172932255.0,7380511.0
2024-07-11,5174879782.0,1947527.0
2024-07-12,5192864640.0,17984858.0
2024-07-13,5202357448.0,9492808.0
2024-07-14,5278861377.0,76503929.0
2024-07-15,5263458817.0,-15402560.0
2024-07-16,5246534840.0,-16923977.0
2024-07-17,5270551552.0,24016712.0
2024-07-18,5244543633.0,-26007919.0
2024-07-19,5226794838.0,-17748795.0
2024-07-20,5262517642.0,35722804.0
2024-07-21,5384995435.0,122477793.0
2024-07-22,5339474351.0,-45521084.0
2024-07-23,5244089682.0,-95384669.0
2024-07-24,5241209930.0,-2879752.0
2024-07-25,5194000256.0,-47209674.0
2024-07-26,5181521977.0,-12478279.0
2024-07-27,5166847292.0,-14674685.0
2024-07-28,5187379354.0,20532062.0
2024-07-29,5184240282.0,-3139072.0
2024-07-30,5142554872.0,-41685410.0
2024-07-31,5211038903.0,68484031.0
2024-08-01,5192410234.0,-18628669.0
2024-08-02,5183109255.0,-9300979.0
2024-08-03,5163523193.0,-19586062.0
2024-08-04,5163248222.0,-274971.0
2024-08-05,5194070733.0,30822511.0
2024-08-06,5139807442.0,-54263291.0
2024-08-07,5158694914.0,18887472.0
2024-08-08,5133266143.0,-25428771.0
2024-08-09,5151049661.0,17783518.0
2024-08-10,5134541826.0,-16507835.0
2024-08-11,5139759558.0,5217732.0
2024-08-12,5120704231.0,-19055327.0
2024-08-13,5119252553.0,-1451678.0
2024-08-14,5116828819.0,-2423734.0
2024-08-15,5151259199.0,34430380.0
2024-08-16,5141685459.0,-9573740.0
2024-08-17,5156450650.0,14765191.0
2024-08-18,5169136151.0,12685501.0
2024-08-19,5159837601.0,-9298550.0
2024-08-20,5099068230.0,-60769371.0
2024-08-21,5086691055.0,-12377175.0
2024-08-22,5075742178.0,-10948877.0
2024-08-23,5064840112.0,-10902066.0
2024-08-24,5064294429.0,-545683.0
2024-08-25,5061812234.0,-2482195.0
2024-08-26,5074245347.0,12433113.0
2024-08-27,5245621195.0,171375848.0
2024-08-28,5262973216.0,17352021.0
2024-08-29,5257490072.0,-5483144.0
2024-08-30,5252800988.0,-4689084.0
2024-08-31,5250188562.0,-2612426.0
2024-09-01,5250389230.0,200668.0
2024-09-02,5248725226.0,-1664004.0
2024-09-03,5247378342.0,-1346884.0
2024-09-04,5260469202.0,13090860.0
2024-09-05,5191734561.0,-68734641.0
2024-09-06,5162257231.0,-29477330.0
2024-09-07,5264299083.0,102041852.0
2024-09-08,5292441667.0,28142584.0
2024-09-09,5294525835.0,2084168.0
2024-09-10,5266765914.0,-27759921.0
2024-09-11,5278258868.0,11492954.0
2024-09-12,5283507994.0,5249126.0
2024-09-13,5290468033.0,6960039.0
2024-09-14,5317956744.0,27488711.0
2024-09-15,5335461087.0,17504343.0
2024-09-16,5336019406.0,558319.0
2024-09-17,5331747721.0,-4271685.0
2024-09-18,5288985085.0,-42762636.0
2024-09-19,5248963362.0,-40021723.0
2024-09-20,5143308716.0,-105654646.0
2024-09-21,5064170284.0,-79138432.0
2024-09-22,5059614457.0,-4555827.0
2024-09-23,5060304115.0,689658.0
2024-09-24,5099513894.0,39209779.0
2024-09-25,5025282288.0,-74231606.0
2024-09-26,5070154460.0,44872172.0
2024-09-27,5083642184.0,13487724.0
2024-09-28,5005224894.0,-78417290.0
2024-09-29,5007662371.0,2437477.0
2024-09-30,5034617474.0,26955103.0
2024-10-01,5032042887.0,-2574587.0
2024-10-02,4824456080.0,-207586807.0
2024-10-03,5028699192.0,204243112.0
2024-10-04,5004472959.0,-24226233.0
2024-10-05,5001517457.0,-2955502.0
2024-10-06,5006763509.0,5246052.0
2024-10-07,5025072669.0,18309160.0
2024-10-08,5223084077.0,198011408.0
2024-10-09,5207741227.0,-15342850.0
2024-10-10,5179077195.0,-28664032.0
2024-10-11,5167285399.0,-11791796.0
2024-10-12,5144870249.0,-22415150.0
2024-10-13,5151454175.0,6583926.0
2024-10-14,5144953928.0,-6500247.0
2024-10-15,5117403995.0,-27549933.0
2024-10-16,5118841949.0,1437954.0
2024-10-17,5128547976.0,9706027.0
2024-10-18,5100112723.0,-28435253.0
2024-10-19,5105872823.0,5760100.0
2024-10-20,5108705680.0,2832857.0
2024-10-21,5115274903.0,6569223.0
2024-10-22,5037390714.0,-77884189.0
2024-10-23,4972777090.0,-64613624.0
2024-10-24,4953499556.0,-19277534.0
2024-10-25,4957333500.0,3833944.0
2024-10-26,4887948352.0,-69385148.0
2024-10-27,4931004631.0,43056279.0
2024-10-28,4908916414.0,-22088217.0
2024-10-29,4875341841.0,-33574573.0
2024-10-30,4903706123.0,28364282.0
2024-10-31,4923791009.0,20084886.0
2024-11-01,4818538160.0,-105252849.0
2024-11-02,4887510128.0,68971968.0
2024-11-03,4866672663.0,-20837465.0
2024-11-04,4869731294.0,3058631.0
2024-11-05,4881208075.0,11476781.0
2024-11-06,4770932181.0,-110275894.0
2024-11-07,4789713288.0,18781107.0
2024-11-08,4714703495.0,-75009793.0
2024-11-09,4741598963.0,26895468.0
2024-11-10,4732826359.0,-8772604.0
2024-11-11,4717696838.0,-15129521.0
2024-11-12,4725164276.0,7467438.0
2024-11-13,4623736095.0,-101428181.0
2024-11-14,4662047019.0,38310924.0
2024-11-15,4658992790.0,-3054229.0
2024-11-16,4651051771.0,-7941019.0
2024-11-17,4663990538.0,12938767.0
2024-11-18,4668229269.0,4238731.0
2024-11-19,4646976240.0,-21253029.0
2024-11-20,4701725213.0,54748973.0
2024-11-21,4732346767.0,30621554.0
2024-11-22,4740551451.0,8204684.0
2024-11-23,4711275311.0,-29276140.0
2024-11-24,4754681041.0,43405730.0
2024-11-25,4719211757.0,-35469284.0
2024-11-26,4725129579.0,5917822.0
2024-11-27,4618775110.0,-106354469.0
2024-11-28,4721181538.0,102406428.0
2024-11-29,4731049419.0,9867881.0
2024-11-30,4748066014.0,17016595.0
2024-12-01,4679310592.0,-68755422.0
2024-12-02,4698764800.0,19454208.0
2024-12-03,4701166982.0,2402182.0
2024-12-04,4690069583.0,-11097399.0
2024-12-05,4641422652.0,-48646931.0
2024-12-06,4566986153.0,-74436499.0
2024-12-07,4549571616.0,-17414537.0
2024-12-08,4541429208.0,-8142408.0
2024-12-09,4575583791.0,34154583.0
2024-12-10,4474363410.0,-101220381.0
2024-12-11,4508369530.0,34006120.0
2024-12-12,4517821587.0,9452057.0
2024-12-13,4501669234.0,-16152353.0
2024-12-14,4522955041.0,21285807.0
2024-12-15,4535021066.0,12066025.0
2024-12-16,4502641688.0,-32379378.0
2024-12-17,4527044125.0,24402437.0
2024-12-18,4540925916.0,13881791.0
2024-12-19,4516978210.0,-23947706.0
2024-12-20,4504925625.0,-12052585.0
2024-12-21,4444830848.0,-60094777.0
2024-12-22,4447050653.0,2219805.0
2024-12-23,4411682724.0,-35367929.0
2024-12-24,4428784357.0,17101633.0
2024-12-25,4440612815.0,11828458.0
2024-12-26,4468939887.0,28327072.0
2024-12-27,4480101616.0,11161729.0
2024-12-28,4449148228.0,-30953388.0
2024-12-29,4448352261.0,-795967.0
2024-12-30,4331545453.0,-116806808.0
2024-12-31,4421204638.0,89659185.0
2025-01-01,4380836798.0,-40367840.0
2025-01-02,4294642095.0,-86194703.0
2025-01-03,4409342550.0,114700455.0
2025-01-04,4452780050.0,43437500.0
2025-01-05,4462045779.0,9265729.0
2025-01-06,4474339673.0,12293894.0
2025-01-07,4492030577.0,17690904.0
2025-01-08,4450509752.0,-41520825.0
2025-01-09,4444059899.0,-6449853.0
2025-01-10,4463305030.0,19245131.0
2025-01-11,4431995174.0,-31309856.0
2025-01-12,4416269532.0,-15725642.0
2025-01-13,4489556096.0,73286564.0
2025-01-14,4514065085.0,24508989.0
2025-01-15,4524402833.0,10337748.0
2025-01-16,4676416507.0,152013674.0
2025-01-17,4626015840.0,-50400667.0
2025-01-18,4719582936.0,93567096.0
2025-01-19,4664147565.0,-55435371.0
2025-01-20,4595823209.0,-68324356.0
2025-01-21,4606617642.0,10794433.0
2025-01-22,4646228006.0,39610364.0
2025-01-23,4660289009.0,14061003.0
2025-01-24,4667157289.0,6868280.0
2025-01-25,4705721320.0,38564031.0
2025-01-26,4719681071.0,13959751.0
2025-01-27,4719078066.0,-603005.0
2025-01-28,4628354124.0,-90723942.0
2025-01-29,4673413666.0,45059542.0
2025-01-30,4701307592.0,27893926.0
2025-01-31,4696236324.0,-5071268.0
2025-02-01,4672688427.0,-23547897.0
2025-02-02,4641515863.0,-31172564.0
2025-02-03,4576424327.0,-65091536.0
2025-02-04,4543564215.0,-32860112.0
2025-02-05,4534196096.0,-9368119.0
2025-02-06,4532439674.0,-1756422.0
2025-02-07,4568359273.0,35919599.0
2025-02-08,4562149987.0,-6209286.0
2025-02-09,4518532348.0,-43617639.0
2025-02-10,4503270853.0,-15261495.0
2025-02-11,4485779157.0,-17491696.0
2025-02-12,4505883349.0,20104192.0
2025-02-13,4518979558.0,13096209.0
2025-02-14,4558976956.0,39997398.0
2025-02-15,4583101230.0,24124274.0
2025-02-16,4619058805.0,35957575.0
2025-02-17,4619360981.0,302176.0
2025-02-18,4637106427.0,17745446.0
2025-02-19,4647349048.0,10242621.0
2025-02-20,4687868084.0,40519036.0
2025-02-21,4742809179.0,54941095.0
2025-02-22,4624034260.0,-118774919.0
2025-02-23,4672019757.0,47985497.0
2025-02-24,4700593001.0,28573244.0
2025-02-25,4626022389.0,-74570612.0
2025-02-26,4406310710.0,-219711679.0
2025-02-27,4302098440.0,-104212270.0
2025-02-28,4290137029.0,-11961411.0
2025-03-01,4345152052.0,55015023.0
2025-03-02,4358487123.0,13335071.0
2025-03-03,4397361090.0,38873967.0
2025-03-04,4393573328.0,-3787762.0
2025-03-05,4406799538.0,13226210.0
2025-03-06,4408795244.0,1995706.0
2025-03-07,4419554302.0,10759058.0
2025-03-08,4403893214.0,-15661088.0
2025-03-09,4400530509.0,-3362705.0
2025-03-10,4389069441.0,-11461068.0
2025-03-11,4277856988.0,-111212453.0
2025-03-12,4218420313.0,-59436675.0
2025-03-13,4223938041.0,5517728.0
2025-03-14,4186517453.0,-37420588.0
2025-03-15,4206474607.0,19957154.0
2025-03-16,4224976708.0,18502101.0
2025-03-17,4228283974.0,3307266.0
2025-03-18,4231055894.0,2771920.0
2025-03-19,4243548410.0,12492516.0
2025-03-20,4264869293.0,21320883.0
2025-03-21,4223674652.0,-41194641.0
2025-03-22,4164160717.0,-59513935.0
2025-03-23,4163647882.0,-512835.0
2025-03-24,4181910365.0,18262483.0
2025-03-25,4318513179.0,136602814.0
2025-03-26,4309981641.0,-8531538.0
2025-03-27,4319788641.0,9807000.0
2025-03-28,4293350590.0,-26438051.0
2025-03-29,4143219090.0,-150131500.0
2025-03-30,4153164287.0,9945197.0
2025-03-31,4154579376.0,1415089.0
2025-04-01,4199910423.0,45331047.0
2025-04-02,4230543481.0,30633058.0
2025-04-03,4169573659.0,-60969822.0
2025-04-04,4167249812.0,-2323847.0
2025-04-05,4122097190.0,-45152622.0
2025-04-06,4149248913.0,27151723.0
2025-04-07,4133271968.0,-15976945.0
2025-04-08,4109895677.0,-23376291.0
2025-04-09,4045459578.0,-64436099.0
2025-04-10,4041301799.0,-4157779.0
2025-04-11,4013915323.0,-27386476.0
2025-04-12,3983345226.0,-30570097.0
2025-04-13,3997808141.0,14462915.0
2025-04-14,3998481538.0,673397.0
2025-04-15,4008416662.0,9935124.0
2025-04-16,4041497102.0,33080440.0
2025-04-17,4059098486.0,17601384.0
2025-04-18,4055727593.0,-3370893.0
2025-04-19,3995975343.0,-59752250.0
2025-04-20,4018734882.0,22759539.0
2025-04-21,4022274954.0,3540072.0
2025-04-22,4050501776.0,28226822.0
2025-04-23,4121578815.0,71077039.0
2025-04-24,4112749848.0,-8828967.0
2025-04-25,4123107052.0,10357204.0
2025-04-26,4142389353.0,19282301.0
2025-04-27,4146123736.0,3734383.0
2025-04-28,4151718093.0,5594357.0
2025-04-29,4110595770.0,-41122323.0
2025-04-30,4116205211.0,5609441.0
2025-05-01,4117932140.0,1726929.0
2025-05-02,4103921264.0,-14010876.0
2025-05-03,4104326110.0,404846.0
2025-05-04,4110755539.0,6429429.0
2025-05-05,4136130204.0,25374665.0
2025-05-06,4113891613.0,-22238591.0
2025-05-07,4155693211.0,41801598.0
2025-05-08,4166420644.0,10727433.0
2025-05-09,4232518018.0,66097374.0
2025-05-10,4338183442.0,105665424.0
2025-05-11,4373579600.0,35396158.0
2025-05-12,4440040166.0,66460566.0
2025-05-13,4480445605.0,40405439.0
2025-05-14,4516947316.0,36501711.0
2025-05-15,4522892696.0,5945380.0
2025-05-16,4517591889.0,-5300807.0
2025-05-17,4514040694.0,-3551195.0
2025-05-18,4510082588.0,-3958106.0
2025-05-19,4501403241.0,-8679347.0
2025-05-20,4497156156.0,-4247085.0
2025-05-21,4523206915.0,26050759.0
2025-05-22,4537173637.0,13966722.0
2025-05-23,4652215854.0,115042217.0
2025-05-24,4512499033.0,-139716821.0
2025-05-25,4522596198.0,10097165.0
2025-05-26,4520030403.0,-2565795.0
2025-05-27,4514608899.0,-5421504.0
2025-05-28,4533870175.0,19261276.0
2025-05-29,4576076917.0,42206742.0
2025-05-30,4707902449.0,131825532.0
2025-05-31,4712361266.0,4458817.0
2025-06-01,4785269789.0,72908523.0
2025-06-02,4760910431.0,-24359358.0
2025-06-03,4317028497.0,-443881934.0
2025-06-04,4375350753.0,58322256.0
2025-06-05,4322987316.0,-52363437.0
2025-06-06,4325511084.0,2523768.0
2025-06-07,4359861201.0,34350117.0
2025-06-08,4352134650.0,-7726551.0
2025-06-09,4354912362.0,2777712.0
2025-06-10,4378333297.0,23420935.0
2025-06-11,4408602585.0,30269288.0
2025-06-12,4444617283.0,36014698.0
2025-06-13,4411675212.0,-32942071.0
2025-06-14,4376624666.0,-35050546.0
2025-06-15,4368891290.0,-7733376.0
2025-06-16,4362686211.0,-6205079.0
2025-06-17,4364612855.0,1926644.0
2025-06-18,4549317239.0,184704384.0
2025-06-19,4617213946.0,67896707.0
2025-06-20,4485532051.0,-131681895.0
2025-06-21,4455718206.0,-29813845.0
2025-06-22,4456874362.0,1156156.0
2025-06-23,4454274984.0,-2599378.0
2025-06-24,4370084709.0,-84190275.0
2025-06-25,4363789212.0,-6295497.0
2025-06-26,4335862971.0,-27926241.0
2025-06-27,4334515995.0,-1346976.0
2025-06-28,4328791041.0,-5724954.0
2025-06-29,4324523800.0,-4267241.0
2025-06-30,4293552852.0,-30970948.0
2025-07-01,4283719415.0,-9833437.0
2025-07-02,4273942079.0,-9777336.0
2025-07-03,4282111135.0,8169056.0
2025-07-04,4288130225.0,6019090.0
2025-07-05,4324577462.0,36447237.0
2025-07-06,4319334817.0,-5242645.0
2025-07-07,4324140469.0,4805652.0
2025-07-08,4301874887.0,-22265582.0
2025-07-09,4312471548.0,10596661.0
2025-07-10,4329959584.0,17488036.0
2025-07-11,4338807615.0,8848031.0
2025-07-12,4323367880.0,-15439735.0
2025-07-13,4307585599.0,-15782281.0
2025-07-14,4318058824.0,10473225.0
2025-07-15,4316276986.0,-1781838.0
2025-07-16,4321148560.0,4871574.0
2025-07-17,4345363947.0,24215387.0
2025-07-18,4357889139.0,12525192.0
2025-07-19,4382778226.0,24889087.0
2025-07-20,4367047233.0,-15730993.0
2025-07-21,4352802235.0,-14244998.0
2025-07-22,4358461059.0,5658824.0
2025-07-23,4352973958.0,-5487101.0
2025-07-24,4353151268.0,177310.0
2025-07-25,4337775382.0,-15375886.0
2025-07-26,4328559311.0,-9216071.0
2025-07-27,4370614948.0,42055637.0
2025-07-28,4367140547.0,-3474401.0
2025-07-29,4364167396.0,-2973151.0
2025-07-30,4348209281.0,-15958115.0
2025-07-31,4345415885.0,-2793396.0
2025-08-01,4336627459.0,-8788426.0
2025-08-02,4306166127.0,-30461332.0
2025-08-03,4306161135.0,-4992.0
2025-08-04,4330384264.0,24223129.0
2025-08-05,4332442392.0,2058128.0
2025-08-06,4326660717.0,-5781675.0
2025-08-07,4316393227.0,-10267490.0
2025-08-08,4361483857.0,45090630.0
2025-08-09,4375029669.0,13545812.0
2025-08-10,4392050247.0,17020578.0
2025-08-11,4396252577.0,4202330.0
2025-08-12,4459236389.0,62983812.0
2025-08-13,4446722000.0,-12514389.0
2025-08-14,4506420580.0,59698580.0
2025-08-15,4615527729.0,109107149.0
2025-08-16,4623159361.0,7631632.0
2025-08-17,4623159361.0,0.0
2025-08-18,4697675643.0,74516282.0
2025-08-19,4699066239.0,1390596.0
2025-08-20,4856730643.0,157664404.0
2025-08-21,4856730643.0,0.0
2025-08-22,4786098805.0,-70631838.0
2025-08-23,4786098805.0,0.0
2025-08-24,4870739229.0,84640424.0
2025-08-25,4936310361.0,65571132.0
2025-08-26,5126136160.0,189825799.0
2025-08-27,5092347130.0,-33789030.0
2025-08-28,5193203689.0,100856559.0
2025-08-29,5262936383.0,69732694.0
2025-08-30,5224490613.0,-38445770.0
2025-08-31,5177986392.0,-46504221.0
2025-09-01,5130735111.0,-47251281.0
2025-09-02,5187889523.0,57154412.0
2025-09-03,5164743083.0,-23146440.0
2025-09-04,5146855964.0,-17887119.0
2025-09-05,5123561395.0,-23294569.0
2025-09-06,5085637970.0,-37923425.0
2025-09-07,5018025089.0,-67612881.0
2025-09-08,5011855231.0,-6169858.0
2025-09-09,4967114532.0,-44740699.0
2025-09-10,4972505107.0,5390575.0
2025-09-11,4968561188.0,-3943919.0
2025-09-12,4978883845.0,10322657.0
2025-09-13,5037819649.0,58935804.0
2025-09-14,5102380119.0,64560470.0
2025-09-15,5105901707.0,3521588.0
2025-09-16,5096960642.0,-8941065.0
2025-09-17,5105908208.0,8947566.0
2025-09-18,5094999735.0,-10908473.0
2025-09-19,5095916129.0,916394.0
2025-09-20,5111325155.0,15409026.0
2025-09-21,5146392690.0,35067535.0
2025-09-22,5201818098.0,55425408.0
2025-09-23,5192582332.0,-9235766.0
2025-09-24,5179254605.0,-13327727.0
2025-09-25,5183706922.0,4452317.0
2025-09-26,5375093495.0,191386573.0
2025-09-27,5101815464.0,-273278031.0
2025-09-28,5079336792.0,-22478672.0
2025-09-29,5091287970.0,11951178.0
2025-09-30,5079987913.0,-11300057.0
2025-10-01,5076538968.0,-3448945.0
2025-10-02,5070219665.0,-6319303.0
2025-10-03,5017462739.0,-52756926.0
2025-10-04,5050620483.0,33157744.0
2025-10-05,5044867482.0,-5753001.0
2025-10-06,5029577197.0,-15290285.0
2025-10-07,5012917849.0,-16659348.0
2025-10-08,5014506975.0,1589126.0
2025-10-09,5024809477.0,10302502.0
2025-10-10,5080312544.0,55503067.0
2025-10-11,5100931368.0,20618824.0
2025-10-12,5110335539.0,9404171.0
2025-10-13,5063436451.0,-46899088.0
2025-10-14,5000049633.0,-63386818.0
2025-10-15,5009512081.0,9462448.0
2025-10-16,5039577535.0,30065454.0
2025-10-17,5057867285.0,18289750.0
2025-10-18,5044730829.0,-13136456.0
2025-10-19,5076024023.0,31293194.0
2025-10-20,5099540731.0,23516708.0
2025-10-21,5140933909.0,41393178.0
2025-10-22,5107494578.0,-33439331.0
2025-10-23,5139490607.0,31996029.0
2025-10-24,5144626176.0,5135569.0
2025-10-25,5148451944.0,3825768.0
2025-10-26,5158121747.0,9669803.0
2025-10-27,5130091937.0,-28029810.0
2025-10-28,5126983665.0,-3108272.0
2025-10-29,5129602337.0,2618672.0
2025-10-30,4873486485.0,-256115852.0
2025-10-31,5127567751.0,254081266.0
2025-11-01,5101028008.0,-26539743.0
2025-11-02,5089596629.0,-11431379.0
2025-11-03,5118341097.0,28744468.0
2025-11-04,5146694738.0,28353641.0
2025-11-05,5106481200.0,-40213538.0
2025-11-06,5049193762.0,-57287438.0
2025-11-07,5000361402.0,-48832360.0
2025-11-08,4875206464.0,-125154938.0
2025-11-09,4884119515.0,8913051.0
2025-11-10,4873538347.0,-10581168.0
2025-11-11,4915144153.0,41605806.0
2025-11-12,4895918504.0,-19225649.0
2025-11-13,4889384532.0,-6533972.0
2025-11-14,4872675534.0,-16708998.0
2025-11-15,4855191255.0,-17484279.0
2025-11-16,4855792149.0,600894.0
2025-11-17,4847490408.0,-8301741.0
2025-11-18,4840097393.0,-7393015.0
2025-11-19,4859123525.0,19026132.0
2025-11-20,4822393421.0,-36730104.0
2025-11-21,4818210103.0,-4183318.0
2025-11-22,4731933893.0,-86276210.0
2025-11-23,4721875767.0,-10058126.0
2025-11-24,4738365856.0,16490089.0
2025-11-25,4754092446.0,15726590.0
2025-11-26,4774136149.0,20043703.0
2025-11-27,4785256607.0,11120458.0
2025-11-28,4773799311.0,-11457296.0
2025-11-29,4770145614.0,-3653697.0
2025-11-30,4753692442.0,-16453172.0
2025-12-01,4753889610.0,197168.0
2025-12-02,4690055650.0,-63833960.0
2025-12-03,4674743567.0,-15312083.0
2025-12-04,4649699916.0,-25043651.0
2025-12-05,4646410788.0,-3289128.0
2025-12-06,4637547341.0,-8863447.0
2025-12-07,4632712503.0,-4834838.0
2025-12-08,4636709523.0,3997020.0
2025-12-09,4627042261.0,-9667262.0
2025-12-10,4650454463.0,23412202.0
2025-12-11,4640766266.0,-9688197.0
2025-12-12,4626690637.0,-14075629.0
2025-12-13,4639211192.0,12520555.0
2025-12-14,4639172159.0,-39033.0
2025-12-15,4649815779.0,10643620.0
2025-12-16,4638898299.0,-10917480.0
2025-12-17,4623598588.0,-15299711.0
2025-12-18,4612195081.0,-11403507.0
2025-12-19,4593439716.0,-18755365.0
2025-12-20,4577336198.0,-16103518.0
2025-12-21,4553390270.0,-23945928.0
2025-12-22,4560912913.0,7522643.0
2025-12-23,4549595234.0,-11317679.0
2025-12-24,4543225932.0,-6369302.0
2025-12-25,4526943030.0,-16282902.0
2025-12-26,4540482721.0,13539691.0
2025-12-27,4527874174.0,-12608547.0
2025-12-28,4536100832.0,8226658.0
2025-12-29,4530154371.0,-5946461.0
2025-12-30,4516421273.0,-13733098.0
2025-12-31,4498019202.0,-18402071.0
2026-01-01,4496983667.0,-1035535.0
2026-01-02,4494234866.0,-2748801.0
2026-01-03,4495381119.0,1146253.0
2026-01-04,4496697668.0,1316549.0
2026-01-05,4498239157.0,1541489.0
2026-01-06,4498374555.0,135398.0
2026-01-07,4520350744.0,21976189.0
2026-01-08,4516851380.0,-3499364.0
2026-01-09,4510672480.0,-6178900.0
2026-01-10,4509941993.0,-730487.0
2026-01-11,4509772160.0,-169833.0
2026-01-12,4535297983.0,25525823.0
2026-01-13,4529360339.0,-5937644.0
2026-01-14,4623354540.0,93994201.0
2026-01-15,4689198725.0,65844185.0
2026-01-16,4688701870.0,-496855.0
2026-01-17,4681878893.0,-6822977.0
2026-01-18,4684630653.0,2751760.0
2026-01-19,4691200241.0,6569588.0
2026-01-20,4654528495.0,-36671746.0
2026-01-21,4645075157.0,-9453338.0
2026-01-22,4643461409.0,-1613748.0
2026-01-23,4651309544.0,7848135.0
2026-01-24,4628978707.0,-22330837.0
2026-01-25,4625169969.0,-3808738.0
2026-01-26,4620835552.0,-4334417.0
2026-01-27,4628264254.0,7428702.0
2026-01-28,4599790050.0,-28474204.0
2026-01-29,4612903599.0,13113549.0
2026-01-30,4599751178.0,-13152421.0
2026-01-31,4712926702.0,113175524.0
2026-02-01,4712926702.0,0.0
2026-02-02,4712926702.0,0.0
2026-02-03,4712926702.0,0.0
2026-02-04,4712926702.0,0.0
2026-02-05,4712926702.0,0.0
2026-02-06,4712926702.0,0.0
2026-02-07,4712926702.0,0.0
2026-02-08,4712926702.0,0.0
2026-02-09,4712924027.0,-2675.0
2026-02-10,4425929216.0,-286994811.0
2026-02-11,4427740024.0,1810808.0
2026-02-12,4408524025.0,-19215999.0
2026-02-13,4406334208.0,-2189817.0
2026-02-14,4386583708.0,-19750500.0
2026-02-15,4392025886.0,5442178.0
2026-02-16,4387811842.0,-4214044.0
2026-02-17,4385921989.0,-1889853.0
2026-02-18,4391878869.0,5956880.0
2026-02-19,4436281851.0,44402982.0
2026-02-20,4429542322.0,-6739529.0
2026-02-21,4422130493.0,-7411829.0
2026-02-22,4406003653.0,-16126840.0
2026-02-23,4409493910.0,3490257.0
2026-02-24,4412332200.0,2838290.0
2026-02-25,4417086909.0,4754709.0
2026-02-26,4436583529.0,19496620.0
2026-02-27,4435314208.0,-1269321.0
2026-02-28,4408202520.0,-27111688.0
2026-03-01,4405917188.0,-2285332.0
2026-03-02,4427391497.0,21474309.0
2026-03-03,4455132583.0,27741086.0
2026-03-04,4449091035.0,-6041548.0
2026-03-05,4494843320.0,45752285.0
2026-03-06,4506989684.0,12146364.0
2026-03-07,4500251887.0,-6737797.0
2026-03-08,4516080248.0,15828361.0
2026-03-09,4536428203.0,20347955.0
2026-03-10,4519797111.0,-16631092.0
2026-03-11,4528146840.0,8349729.0
2026-03-12,4509178613.0,-18968227.0
2026-03-13,4522591789.0,13413176.0
2026-03-14,4538839141.0,16247352.0
2026-03-15,4236640988.0,-302198153.0
2026-03-16,4537774282.0,301133294.0
2026-03-17,4540905498.0,3131216.0
2026-03-18,4550566712.0,9661214.0
2026-03-19,4552362342.0,1795630.0
2026-03-20,4564953231.0,12590889.0
2026-03-21,4569425093.0,4471862.0
2026-03-22,4574276146.0,4851053.0
2026-03-23,4569898160.0,-4377986.0
2026-03-24,4560867392.0,-9030768.0
2026-03-25,4553651574.0,-7215818.0
2026-03-26,4565969545.0,12317971.0
2026-03-27,4562968875.0,-3000670.0
2026-03-28,4555333498.0,-7635377.0
2026-03-29,4557506012.0,2172514.0
2026-03-30,4580431389.0,22925377.0
2026-03-31,4609363234.0,28931845.0
2026-04-01,4654260704.0,44897470.0
2026-04-02,4690847518.0,36586814.0
2026-04-03,4685438369.0,-5409149.0
2026-04-04,4691428474.0,5990105.0
2026-04-05,4701713095.0,10284621.0
2026-04-06,4701924546.0,211451.0
2026-04-07,4720476441.0,18551895.0
2026-04-08,4699168394.0,-21308047.0
2026-04-09,4664171018.0,-34997376.0
2026-04-10,4664957748.0,786730.0
2026-04-11,4668742668.0,3784920.0
2026-04-12,4671517547.0,2774879.0
2026-04-13,4654557535.0,-16960012.0
2026-04-14,4623981430.0,-30576105.0
2026-04-15,4609996538.0,-13984892.0
2026-04-16,4581943229.0,-28053309.0
2026-04-17,4592471753.0,10528524.0
2026-04-18,4603309443.0,10837690.0
2026-04-19,4597274399.0,-6035044.0
2026-04-20,4616828089.0,19553690.0
2026-04-21,4651632293.0,34804204.0
2026-04-22,4678927484.0,27295191.0
2026-04-23,4669928082.0,-8999402.0
2026-04-24,4663218362.0,-6709720.0
2026-04-25,4660922594.0,-2295768.0
2026-04-26,4668271518.0,7348924.0
2026-04-27,4672450352.0,4178834.0
2026-04-28,4656699447.0,-15750905.0
2026-04-29,4658484411.0,1784964.0
2026-04-30,4651874388.0,-6610023.0
2026-05-01,4643597451.0,-8276937.0
2026-05-02,4632188490.0,-11408961.0
2026-05-03,4619561723.0,-12626767.0
2026-05-04,4628469774.0,8908051.0
2026-05-05,4614776797.0,-13692977.0
2026-05-06,4627250932.0,12474135.0
2026-05-07,4640686862.0,13435930.0
2026-05-08,4641854756.0,1167894.0
2026-05-09,4662421561.0,20566805.0
2026-05-10,4657096322.0,-5325239.0
2026-05-11,4658758600.0,1662278.0
2026-05-12,4641581033.0,-17177567.0
2026-05-13,4623108096.0,-18472937.0
2026-05-14,4614173638.0,-8934458.0
2026-05-15,4626293016.0,12119378.0
2026-05-16,4614758692.0,-11534324.0
2026-05-17,4613576651.0,-1182041.0
2026-05-18,4607505569.0,-6071082.0
2026-05-19,4598396954.0,-9108615.0
2026-05-20,4592875317.0,-5521637.0
2026-05-21,4591885069.0,-990248.0
2026-05-22,4575447236.0,-16437833.0
2026-05-23,4575882520.0,435284.0
2026-05-24,4579419937.0,3537417.0
2026-05-25,4586670174.0,7250237.0
2026-05-26,4592552324.0,5882150.0
2026-05-27,4611815271.0,19262947.0
2026-05-28,4610489878.0,-1325393.0
2026-05-29,4595703111.0,-14786767.0
2026-05-30,4593766698.0,-1936413.0
2026-05-31,4583566147.0,-10200551.0
2026-06-01,4585451211.0,1885064.0
2026-06-02,4600990186.0,15538975.0
2026-06-03,4590512284.0,-10477902.0
2026-06-04,4579545894.0,-10966390.0
2026-06-05,4560078594.0,-19467300.0
2026-06-06,4516803161.0,-43275433.0
2026-06-07,4499700546.0,-17102615.0
2026-06-08,4483871104.0,-15829442.0
2026-06-09,4444460411.0,-39410693.0
2026-06-10,4421278869.0,-23181542.0
2026-06-11,4434261285.0,12982416.0
2026-06-12,4422512556.0,-11748729.0
2026-06-13,4414572858.0,-7939698.0
2026-06-14,4417915166.0,3342308.0
2026-06-15,4418459219.0,544053.0
2026-06-16,4416951792.0,-1507427.0
2026-06-17,4401503597.0,-15448195.0
2026-06-18,4387981506.0,-13522091.0
2026-06-19,4385439436.0,-2542070.0
2026-06-20,4389507770.0,4068334.0
2026-06-21,4470316976.0,80809206.0
2026-06-22,4475077275.0,4760299.0
2026-06-23,4877439345.0,402362070.0
2026-06-24,4868870365.0,-8568980.0
2026-06-25,4872959643.0,4089278.0
2026-06-26,4850385120.0,-22574523.0
2026-06-27,4848528926.0,-1856194.0
2026-06-28,4846503662.0,-2025264.0
2026-06-29,4843582687.0,-2920975.0
2026-06-30,4848895933.0,5313246.0
2026-07-01,4845672099.0,-3223834.0
2026-07-02,4842989040.0,-2683059.0
2026-07-03,4842859613.0,-129427.0
2026-07-04,4852163687.0,9304074.0
2026-07-05,4847465219.0,-4698468.0
2026-07-06,4848055478.0,590259.0
2026-07-07,4852821382.0,4765904.0
2026-07-08,4855906529.0,3085147.0
2026-07-09,4864694296.0,8787767.0
2026-07-10,4873547225.0,8852929.0
2026-07-11,4876044398.087091,2497173.087091446
